task_id,hostname,hash,native_id,process,tag,name,status,exit,module,container,cpus,time,disk,memory,attempt,submit,start,complete,duration,realtime,queue,%cpu,%mem,rss,vmem,peak_rss,peak_vmem,rchar,wchar,syscr,syscw,read_bytes,write_bytes,vol_ctxt,inv_ctxt,workdir,scratch,error_action
15,cpu01,0a/1700a4,nf-0a1700a454cc80ff671cbdc55b28afdb,NFCORE_SAREK:SAREK:PREPARE_INTERVALS:BUILD_INTERVALS,[human_g1k_v37_decoy.fasta],NFCORE_SAREK:SAREK:PREPARE_INTERVALS:BUILD_INTERVALS ([human_g1k_v37_decoy.fasta]),COMPLETED,0,-,quay.io/biocontainers/gawk:5.1.0,1,14400000,-,1073741824,1,1700932743145,1700932743000,1700932745000,1855,0,-,168.4,0.0,0,0,0,0,52573,2605,145,17,0,12288,0,0,/input/data/work/0a/1700a454cc80ff671cbdc55b28afdb,true,-
4,cpu07,55/01d0fa,nf-5501d0fa1f4e7feab3fe18bfc260eb4c,NFCORE_SAREK:SAREK:PREPARE_GENOME:UNZIP_ALLELES,G1000_alleles_hg19.zip,NFCORE_SAREK:SAREK:PREPARE_GENOME:UNZIP_ALLELES (G1000_alleles_hg19.zip),COMPLETED,0,-,quay.io/biocontainers/p7zip:15.09--h2d50403_4,1,14400000,-,1073741824,1,1700932744390,1700932745000,1700932760000,15610,3000,-,9.5,0.0,9838592,42303488,9838592,42311680,11010052,33652572,506,1058,0,33701888,16,19,/input/data/work/55/01d0fa1f4e7feab3fe18bfc260eb4c,true,-
90,cpu06,04/a84009,nf-04a840092aca434a93c5d9a6ce5a08f9,NFCORE_SAREK:SAREK:PREPARE_REFERENCE_CNVKIT:CNVKIT_ANTITARGET,intervals,NFCORE_SAREK:SAREK:PREPARE_REFERENCE_CNVKIT:CNVKIT_ANTITARGET (intervals),COMPLETED,0,-,quay.io/biocontainers/cnvkit:0.9.9--pyhdfd78af_0,2,14400000,-,1073741824,1,1700932747604,1700932748000,1700932765000,17396,9000,-,70.5,0.1,143917056,4653932544,143917056,4751405056,53570302,119122,7679,34,128385024,147456,2772,417,/input/data/work/04/a840092aca434a93c5d9a6ce5a08f9,true,-
2,cpu01,c3/e3cb34,nf-c3e3cb3424d294be3960be9a9c690958,NFCORE_SAREK:SAREK:PREPARE_GENOME:UNZIP_RT,RT_G1000_hg19.zip,NFCORE_SAREK:SAREK:PREPARE_GENOME:UNZIP_RT (RT_G1000_hg19.zip),COMPLETED,0,-,quay.io/biocontainers/p7zip:15.09--h2d50403_4,1,14400000,-,1073741824,1,1700932743385,1700932744000,1700932771000,27615,8000,-,38.2,0.0,9908224,42303488,9908224,42311680,114384573,435495664,1084,13311,2535424,435499008,76,661,/input/data/work/c3/e3cb3424d294be3960be9a9c690958,true,-
7,cpu10,32/ccd5ac,nf-32ccd5ace88f90de85f534eec2e9abe1,NFCORE_SAREK:SAREK:PREPARE_GENOME:UNZIP_GC,GC_G1000_hg19.zip,NFCORE_SAREK:SAREK:PREPARE_GENOME:UNZIP_GC (GC_G1000_hg19.zip),COMPLETED,0,-,quay.io/biocontainers/p7zip:15.09--h2d50403_4,1,14400000,-,1073741824,1,1700932743411,1700932745000,1700932773000,29589,8000,-,39.0,0.0,9875456,42303488,9875456,42311680,113275039,388442028,1077,11875,2531328,388448256,51,727,/input/data/work/32/ccd5ace88f90de85f534eec2e9abe1,true,-
89,cpu09,79/d17ec5,nf-79d17ec58d57dddb13c121a480604354,NFCORE_SAREK:SAREK:PREPARE_INTERVALS:CREATE_INTERVALS_BED,human_g1k_v37_decoy.fasta.bed,NFCORE_SAREK:SAREK:PREPARE_INTERVALS:CREATE_INTERVALS_BED (human_g1k_v37_decoy.fasta.bed),COMPLETED,0,-,quay.io/biocontainers/gawk:5.1.0,1,14400000,-,1073741824,1,1700932747798,1700932749000,1700932777000,29202,11000,-,0.3,0.0,2859008,11567104,2859008,11571200,51876,2594,146,58,0,180224,3,9,/input/data/work/79/d17ec58d57dddb13c121a480604354,true,-
11,cpu08,44/7415c5,nf-447415c550e35781b0ec2e99e133d013,NFCORE_SAREK:SAREK:PREPARE_GENOME:UNZIP_LOCI,G1000_loci_hg19.zip,NFCORE_SAREK:SAREK:PREPARE_GENOME:UNZIP_LOCI (G1000_loci_hg19.zip),COMPLETED,0,-,quay.io/biocontainers/p7zip:15.09--h2d50403_4,1,14400000,-,1073741824,1,1700932744338,1700932753000,1700932800000,55662,2000,-,16.1,0.0,9785344,42303488,9785344,42311680,9300727,37200248,491,1168,0,37253120,17,16,/input/data/work/44/7415c550e35781b0ec2e99e133d013,true,-
99,cpu09,9e/da1db2,nf-9eda1db2e5b969b3f1788ec49faa3fb8,NFCORE_SAREK:SAREK:PREPARE_INTERVALS:TABIX_BGZIPTABIX_INTERVAL_SPLIT,X_1-155270560,NFCORE_SAREK:SAREK:PREPARE_INTERVALS:TABIX_BGZIPTABIX_INTERVAL_SPLIT (X_1-155270560),COMPLETED,0,-,quay.io/biocontainers/tabix:1.11--hdfd78af_0,2,14400000,-,1073741824,1,1700932827682,1700932828000,1700932831000,3318,0,-,38.1,0.0,3350528,5632000,3350528,5636096,87823,3368,212,47,0,16384,2,3,/input/data/work/9e/da1db2e5b969b3f1788ec49faa3fb8,true,-
100,cpu02,f6/bdd0f4,nf-f6bdd0f4c32da01fc291f384fe6a997a,NFCORE_SAREK:SAREK:PREPARE_INTERVALS:TABIX_BGZIPTABIX_INTERVAL_SPLIT,8_1-146364022,NFCORE_SAREK:SAREK:PREPARE_INTERVALS:TABIX_BGZIPTABIX_INTERVAL_SPLIT (8_1-146364022),COMPLETED,0,-,quay.io/biocontainers/tabix:1.11--hdfd78af_0,2,14400000,-,1073741824,1,1700932827731,1700932828000,1700932833000,5269,0,-,12.3,0.0,3321856,5632000,3321856,5636096,87922,3367,211,47,0,16384,2,3,/input/data/work/f6/bdd0f4c32da01fc291f384fe6a997a,true,-
124,cpu09,e7/5bcf73,nf-e75bcf730e7b08f528645e8d12916fe7,NFCORE_SAREK:SAREK:PREPARE_INTERVALS:TABIX_BGZIPTABIX_INTERVAL_SPLIT,GL000195.1_1-182896,NFCORE_SAREK:SAREK:PREPARE_INTERVALS:TABIX_BGZIPTABIX_INTERVAL_SPLIT (GL000195.1_1-182896),COMPLETED,0,-,quay.io/biocontainers/tabix:1.11--hdfd78af_0,2,14400000,-,1073741824,1,1700932827869,1700932828000,1700932831000,3131,0,-,26.2,0.0,3256320,5632000,3256320,5636096,87858,3250,214,47,0,16384,2,2,/input/data/work/e7/5bcf730e7b08f528645e8d12916fe7,true,-
111,cpu02,5b/226d68,nf-5b226d68901e2a7ee0936ed2653cedeb,NFCORE_SAREK:SAREK:PREPARE_INTERVALS:TABIX_BGZIPTABIX_INTERVAL_SPLIT,20_1-63025520,NFCORE_SAREK:SAREK:PREPARE_INTERVALS:TABIX_BGZIPTABIX_INTERVAL_SPLIT (20_1-63025520),COMPLETED,0,-,quay.io/biocontainers/tabix:1.11--hdfd78af_0,2,14400000,-,1073741824,1,1700932828058,1700932828000,1700932833000,4942,0,-,76.6,0.0,3309568,5632000,3309568,5636096,87922,3287,212,47,0,16384,2,3,/input/data/work/5b/226d68901e2a7ee0936ed2653cedeb,true,-
96,cpu06,4e/31edb1,nf-4e31edb1609eb6fd1a5f86687b42fea7,NFCORE_SAREK:SAREK:PREPARE_INTERVALS:TABIX_BGZIPTABIX_INTERVAL_SPLIT,5_1-180915260,NFCORE_SAREK:SAREK:PREPARE_INTERVALS:TABIX_BGZIPTABIX_INTERVAL_SPLIT (5_1-180915260),COMPLETED,0,-,quay.io/biocontainers/tabix:1.11--hdfd78af_0,2,14400000,-,1073741824,1,1700932828102,1700932828000,1700932830000,1898,0,-,20.2,0.0,3207168,5632000,3207168,5636096,87797,3380,212,47,0,16384,1,3,/input/data/work/4e/31edb1609eb6fd1a5f86687b42fea7,true,-
107,cpu10,f0/9092c4,nf-f09092c4642786b52c3b087521b6c994,NFCORE_SAREK:SAREK:PREPARE_INTERVALS:TABIX_BGZIPTABIX_INTERVAL_SPLIT,15_1-102531392,NFCORE_SAREK:SAREK:PREPARE_INTERVALS:TABIX_BGZIPTABIX_INTERVAL_SPLIT (15_1-102531392),COMPLETED,0,-,quay.io/biocontainers/tabix:1.11--hdfd78af_0,2,14400000,-,1073741824,1,1700932828232,1700932829000,1700932836000,7768,0,-,11.2,0.0,4603904,171335680,4603904,238448640,87909,3307,214,47,0,16384,11,4,/input/data/work/f0/9092c4642786b52c3b087521b6c994,true,-
115,cpu02,c6/b2f7b6,nf-c6b2f7b6f96fa5e90df381e6f9260303,NFCORE_SAREK:SAREK:PREPARE_INTERVALS:TABIX_BGZIPTABIX_INTERVAL_SPLIT,21_1-48129895,NFCORE_SAREK:SAREK:PREPARE_INTERVALS:TABIX_BGZIPTABIX_INTERVAL_SPLIT (21_1-48129895),COMPLETED,0,-,quay.io/biocontainers/tabix:1.11--hdfd78af_0,2,14400000,-,1073741824,1,1700932828311,1700932829000,1700932833000,4689,0,-,32.2,0.0,3284992,5632000,3284992,5636096,87921,3281,213,47,0,16384,2,3,/input/data/work/c6/b2f7b6f96fa5e90df381e6f9260303,true,-
94,cpu03,c0/031e4d,nf-c0031e4ded46299ac4c428b82426fc52,NFCORE_SAREK:SAREK:PREPARE_INTERVALS:TABIX_BGZIPTABIX_INTERVAL_SPLIT,3_1-198022430,NFCORE_SAREK:SAREK:PREPARE_INTERVALS:TABIX_BGZIPTABIX_INTERVAL_SPLIT (3_1-198022430),COMPLETED,0,-,quay.io/biocontainers/tabix:1.11--hdfd78af_0,2,14400000,-,1073741824,1,1700932828436,1700932830000,1700932836000,7564,0,-,75.0,0.0,3198976,5632000,3198976,5636096,87933,3392,212,47,0,16384,5,5,/input/data/work/c0/031e4ded46299ac4c428b82426fc52,true,-
109,cpu10,31/2e3ea7,nf-312e3ea735aa0d33e81f50fbde1f5114,NFCORE_SAREK:SAREK:PREPARE_INTERVALS:TABIX_BGZIPTABIX_INTERVAL_SPLIT,17_1-81195210,NFCORE_SAREK:SAREK:PREPARE_INTERVALS:TABIX_BGZIPTABIX_INTERVAL_SPLIT (17_1-81195210),COMPLETED,0,-,quay.io/biocontainers/tabix:1.11--hdfd78af_0,2,14400000,-,1073741824,1,1700932828591,1700932830000,1700932836000,7409,0,-,53.6,0.0,3284992,5632000,3284992,5636096,87904,3296,226,47,0,16384,2,3,/input/data/work/31/2e3ea735aa0d33e81f50fbde1f5114,true,-
110,cpu10,ac/72e00b,nf-ac72e00beacba748d8a7257e60495a4e,NFCORE_SAREK:SAREK:PREPARE_INTERVALS:TABIX_BGZIPTABIX_INTERVAL_SPLIT,18_1-78077248,NFCORE_SAREK:SAREK:PREPARE_INTERVALS:TABIX_BGZIPTABIX_INTERVAL_SPLIT (18_1-78077248),COMPLETED,0,-,quay.io/biocontainers/tabix:1.11--hdfd78af_0,2,14400000,-,1073741824,1,1700932827711,1700932828000,1700932836000,8289,0,-,8.6,0.0,3268608,5632000,3268608,5636096,87902,3293,211,47,0,16384,2,3,/input/data/work/ac/72e00beacba748d8a7257e60495a4e,true,-
108,cpu08,51/903fb7,nf-51903fb7cf59de92f8154a97a80419c0,NFCORE_SAREK:SAREK:PREPARE_INTERVALS:TABIX_BGZIPTABIX_INTERVAL_SPLIT,16_1-90354753,NFCORE_SAREK:SAREK:PREPARE_INTERVALS:TABIX_BGZIPTABIX_INTERVAL_SPLIT (16_1-90354753),COMPLETED,0,-,quay.io/biocontainers/tabix:1.11--hdfd78af_0,2,14400000,-,1073741824,1,1700932827753,1700932829000,1700932841000,13247,0,-,8.6,0.0,3203072,5632000,3203072,5636096,87821,3296,213,47,0,16384,1,2,/input/data/work/51/903fb7cf59de92f8154a97a80419c0,true,-
105,cpu01,73/c7c49a,nf-73c7c49aeac4da5af0e8e73392fa6273,NFCORE_SAREK:SAREK:PREPARE_INTERVALS:TABIX_BGZIPTABIX_INTERVAL_SPLIT,13_1-115169878,NFCORE_SAREK:SAREK:PREPARE_INTERVALS:TABIX_BGZIPTABIX_INTERVAL_SPLIT (13_1-115169878),COMPLETED,0,-,quay.io/biocontainers/tabix:1.11--hdfd78af_0,2,14400000,-,1073741824,1,1700932827773,1700932828000,1700932838000,10227,0,-,82.8,0.0,3379200,5632000,3379200,5636096,87594,3309,212,47,0,16384,1,1,/input/data/work/73/c7c49aeac4da5af0e8e73392fa6273,true,-
106,cpu10,f1/76e54f,nf-f176e54fa46fcb052e30c53523984a98,NFCORE_SAREK:SAREK:PREPARE_INTERVALS:TABIX_BGZIPTABIX_INTERVAL_SPLIT,14_1-107349540,NFCORE_SAREK:SAREK:PREPARE_INTERVALS:TABIX_BGZIPTABIX_INTERVAL_SPLIT (14_1-107349540),COMPLETED,0,-,quay.io/biocontainers/tabix:1.11--hdfd78af_0,2,14400000,-,1073741824,1,1700932827888,1700932828000,1700932836000,8112,0,-,5.7,0.0,3297280,5632000,3297280,5636096,87909,3307,211,47,0,16384,2,4,/input/data/work/f1/76e54fa46fcb052e30c53523984a98,true,-
119,cpu07,86/d18c88,nf-86d18c88de88a7b176916eb48cf7045f,NFCORE_SAREK:SAREK:PREPARE_INTERVALS:TABIX_BGZIPTABIX_INTERVAL_SPLIT,GL000194.1_1-191469,NFCORE_SAREK:SAREK:PREPARE_INTERVALS:TABIX_BGZIPTABIX_INTERVAL_SPLIT (GL000194.1_1-191469),COMPLETED,0,-,quay.io/biocontainers/tabix:1.11--hdfd78af_0,2,14400000,-,1073741824,1,1700932827908,1700932828000,1700932843000,15092,8000,-,0.4,0.0,4591616,36196352,4591616,36200448,87965,3252,213,47,0,16384,10,9,/input/data/work/86/d18c88de88a7b176916eb48cf7045f,true,-
95,cpu08,df/4852e9,nf-df4852e94d7de3e04199250bcf8124e6,NFCORE_SAREK:SAREK:PREPARE_INTERVALS:TABIX_BGZIPTABIX_INTERVAL_SPLIT,4_1-191154276,NFCORE_SAREK:SAREK:PREPARE_INTERVALS:TABIX_BGZIPTABIX_INTERVAL_SPLIT (4_1-191154276),COMPLETED,0,-,quay.io/biocontainers/tabix:1.11--hdfd78af_0,2,14400000,-,1073741824,1,1700932827988,1700932830000,1700932841000,13012,1000,-,1.5,0.0,4542464,36196352,4542464,36200448,87822,3384,227,47,0,16384,9,8,/input/data/work/df/4852e94d7de3e04199250bcf8124e6,true,-
103,cpu01,2a/fb6f84,nf-2afb6f8414452ef8309a2b021291694f,NFCORE_SAREK:SAREK:PREPARE_INTERVALS:TABIX_BGZIPTABIX_INTERVAL_SPLIT,11_1-135006516,NFCORE_SAREK:SAREK:PREPARE_INTERVALS:TABIX_BGZIPTABIX_INTERVAL_SPLIT (11_1-135006516),COMPLETED,0,-,quay.io/biocontainers/tabix:1.11--hdfd78af_0,2,14400000,-,1073741824,1,1700932828083,1700932828000,1700932838000,9917,0,-,16.9,0.0,4714496,171335680,4714496,238448640,87594,3351,210,47,0,16384,5,3,/input/data/work/2a/fb6f8414452ef8309a2b021291694f,true,-
118,cpu03,c0/753f93,nf-c0753f933b4b0a22a6526c26e9c961cf,NFCORE_SAREK:SAREK:PREPARE_INTERVALS:TABIX_BGZIPTABIX_INTERVAL_SPLIT,GL000225.1_1-211173,NFCORE_SAREK:SAREK:PREPARE_INTERVALS:TABIX_BGZIPTABIX_INTERVAL_SPLIT (GL000225.1_1-211173),COMPLETED,0,-,quay.io/biocontainers/tabix:1.11--hdfd78af_0,2,14400000,-,1073741824,1,1700932828153,1700932829000,1700932848000,19847,13000,-,0.2,0.0,3211264,5632000,3211264,5636096,87967,3252,212,47,0,16384,3,3,/input/data/work/c0/753f933b4b0a22a6526c26e9c961cf,true,-
123,cpu07,6a/1884d5,nf-6a1884d5258d60751826f1e39a12ff08,NFCORE_SAREK:SAREK:PREPARE_INTERVALS:TABIX_BGZIPTABIX_INTERVAL_SPLIT,GL000212.1_1-186858,NFCORE_SAREK:SAREK:PREPARE_INTERVALS:TABIX_BGZIPTABIX_INTERVAL_SPLIT (GL000212.1_1-186858),COMPLETED,0,-,quay.io/biocontainers/tabix:1.11--hdfd78af_0,2,14400000,-,1073741824,1,1700932828176,1700932829000,1700932843000,14824,0,-,17.7,0.0,3301376,5632000,3301376,5636096,87966,3254,214,47,0,16384,2,4,/input/data/work/6a/1884d5258d60751826f1e39a12ff08,true,-
122,cpu09,ab/91aa99,nf-ab91aa99d162824b4cd5c8e737a05167,NFCORE_SAREK:SAREK:PREPARE_INTERVALS:TABIX_BGZIPTABIX_INTERVAL_SPLIT,GL000222.1_1-186861,NFCORE_SAREK:SAREK:PREPARE_INTERVALS:TABIX_BGZIPTABIX_INTERVAL_SPLIT (GL000222.1_1-186861),COMPLETED,0,-,quay.io/biocontainers/tabix:1.11--hdfd78af_0,2,14400000,-,1073741824,1,1700932828252,1700932831000,1700932845000,16748,0,-,90.1,0.0,3268608,5632000,3268608,5636096,87859,3250,213,47,0,16384,2,3,/input/data/work/ab/91aa99d162824b4cd5c8e737a05167,true,-
114,cpu01,a8/4b2de8,nf-a84b2de81d7262cd34d39ec1ebe54e31,NFCORE_SAREK:SAREK:PREPARE_INTERVALS:TABIX_BGZIPTABIX_INTERVAL_SPLIT,22_1-51304566,NFCORE_SAREK:SAREK:PREPARE_INTERVALS:TABIX_BGZIPTABIX_INTERVAL_SPLIT (22_1-51304566),COMPLETED,0,-,quay.io/biocontainers/tabix:1.11--hdfd78af_0,2,14400000,-,1073741824,1,1700932828337,1700932831000,1700932838000,9663,0,-,78.0,0.0,3219456,5632000,3219456,5636096,87588,3278,211,47,0,16384,1,5,/input/data/work/a8/4b2de81d7262cd34d39ec1ebe54e31,true,-
112,cpu08,56/c49f36,nf-56c49f363e768cefd6b508ca2d9db6ec,NFCORE_SAREK:SAREK:PREPARE_INTERVALS:TABIX_BGZIPTABIX_INTERVAL_SPLIT,Y_1-59373566,NFCORE_SAREK:SAREK:PREPARE_INTERVALS:TABIX_BGZIPTABIX_INTERVAL_SPLIT (Y_1-59373566),COMPLETED,0,-,quay.io/biocontainers/tabix:1.11--hdfd78af_0,2,14400000,-,1073741824,1,1700932828377,1700932830000,1700932841000,12623,0,-,9.6,0.0,3321856,5632000,3321856,5636096,88908,4298,213,47,0,16384,1,2,/input/data/work/56/c49f363e768cefd6b508ca2d9db6ec,true,-
131,cpu06,df/3b7d75,nf-df3b7d7556d940453faf22262652bd30,NFCORE_SAREK:SAREK:PREPARE_INTERVALS:TABIX_BGZIPTABIX_INTERVAL_SPLIT,GL000217.1_1-172149,NFCORE_SAREK:SAREK:PREPARE_INTERVALS:TABIX_BGZIPTABIX_INTERVAL_SPLIT (GL000217.1_1-172149),COMPLETED,0,-,quay.io/biocontainers/tabix:1.11--hdfd78af_0,2,14400000,-,1073741824,1,1700932828413,1700932829000,1700932847000,18587,14000,-,0.3,0.0,3239936,5632000,3239936,5636096,87830,3246,212,47,0,16384,3,2,/input/data/work/df/3b7d7556d940453faf22262652bd30,true,-
101,cpu09,ce/ce43b1,nf-cece43b1d3e05d328b876c6a0ff1db90,NFCORE_SAREK:SAREK:PREPARE_INTERVALS:TABIX_BGZIPTABIX_INTERVAL_SPLIT,9_1-141213431,NFCORE_SAREK:SAREK:PREPARE_INTERVALS:TABIX_BGZIPTABIX_INTERVAL_SPLIT (9_1-141213431),COMPLETED,0,-,quay.io/biocontainers/tabix:1.11--hdfd78af_0,2,14400000,-,1073741824,1,1700932828482,1700932831000,1700932842000,13518,0,-,57.8,0.0,3284992,5632000,3284992,5636096,87823,3362,213,47,0,16384,2,3,/input/data/work/ce/ce43b1d3e05d328b876c6a0ff1db90,true,-
133,cpu07,48/a995ae,nf-48a995aec746644889b932344890115d,NFCORE_SAREK:SAREK:PREPARE_INTERVALS:TABIX_BGZIPTABIX_INTERVAL_SPLIT,GL000199.1_1-169874,NFCORE_SAREK:SAREK:PREPARE_INTERVALS:TABIX_BGZIPTABIX_INTERVAL_SPLIT (GL000199.1_1-169874),COMPLETED,0,-,quay.io/biocontainers/tabix:1.11--hdfd78af_0,2,14400000,-,1073741824,1,1700932828525,1700932829000,1700932843000,14475,0,-,29.4,0.0,3264512,5632000,3264512,5636096,87967,3252,213,47,0,16384,4,3,/input/data/work/48/a995aec746644889b932344890115d,true,-
132,cpu02,b9/d5bcae,nf-b9d5bcae63a842221e63568a82a9483c,NFCORE_SAREK:SAREK:PREPARE_INTERVALS:TABIX_BGZIPTABIX_INTERVAL_SPLIT,NC_007605_1-171823,NFCORE_SAREK:SAREK:PREPARE_INTERVALS:TABIX_BGZIPTABIX_INTERVAL_SPLIT (NC_007605_1-171823),COMPLETED,0,-,quay.io/biocontainers/tabix:1.11--hdfd78af_0,2,14400000,-,1073741824,1,1700932828617,1700932833000,1700932846000,17383,0,-,47.1,0.0,3305472,5632000,3305472,5636096,87952,3251,214,47,0,16384,3,3,/input/data/work/b9/d5bcae63a842221e63568a82a9483c,true,-
117,cpu08,8f/5ba438,nf-8f5ba43844a9cfbeba0244eef00ad59d,NFCORE_SAREK:SAREK:PREPARE_INTERVALS:TABIX_BGZIPTABIX_INTERVAL_SPLIT,GL000192.1_1-547496,NFCORE_SAREK:SAREK:PREPARE_INTERVALS:TABIX_BGZIPTABIX_INTERVAL_SPLIT (GL000192.1_1-547496),COMPLETED,0,-,quay.io/biocontainers/tabix:1.11--hdfd78af_0,2,14400000,-,1073741824,1,1700932828642,1700932831000,1700932841000,12358,6000,-,0.6,0.0,4673536,171335680,4673536,238448640,87857,3250,213,47,0,16384,9,7,/input/data/work/8f/5ba43844a9cfbeba0244eef00ad59d,true,-
113,cpu03,29/26398e,nf-2926398e6bf8d06cf9dec70fc1f637c1,NFCORE_SAREK:SAREK:PREPARE_INTERVALS:TABIX_BGZIPTABIX_INTERVAL_SPLIT,19_1-59128983,NFCORE_SAREK:SAREK:PREPARE_INTERVALS:TABIX_BGZIPTABIX_INTERVAL_SPLIT (19_1-59128983),COMPLETED,0,-,quay.io/biocontainers/tabix:1.11--hdfd78af_0,2,14400000,-,1073741824,1,1700932828666,1700932836000,1700932848000,19334,0,-,63.6,0.0,3280896,5632000,3280896,5636096,87933,3285,214,47,0,16384,2,2,/input/data/work/29/26398e6bf8d06cf9dec70fc1f637c1,true,-
116,cpu01,b8/305085,nf-b830508548bae721dec747687cf762f4,NFCORE_SAREK:SAREK:PREPARE_INTERVALS:TABIX_BGZIPTABIX_INTERVAL_SPLIT,hs37d5_1-35477943,NFCORE_SAREK:SAREK:PREPARE_INTERVALS:TABIX_BGZIPTABIX_INTERVAL_SPLIT (hs37d5_1-35477943),COMPLETED,0,-,quay.io/biocontainers/tabix:1.11--hdfd78af_0,2,14400000,-,1073741824,1,1700932828703,1700932831000,1700932838000,9297,0,-,113.3,0.0,3301376,5632000,3301376,5636096,87612,3286,212,47,0,16384,1,1,/input/data/work/b8/30508548bae721dec747687cf762f4,true,-
97,cpu06,ee/c1858d,nf-eec1858d0caceae558c2e9b50a1cc362,NFCORE_SAREK:SAREK:PREPARE_INTERVALS:TABIX_BGZIPTABIX_INTERVAL_SPLIT,6_1-171115067,NFCORE_SAREK:SAREK:PREPARE_INTERVALS:TABIX_BGZIPTABIX_INTERVAL_SPLIT (6_1-171115067),COMPLETED,0,-,quay.io/biocontainers/tabix:1.11--hdfd78af_0,2,14400000,-,1073741824,1,1700932828725,1700932830000,1700932839000,10275,1000,-,3.9,0.0,3321856,5632000,3321856,5636096,87795,3376,213,47,0,16384,2,2,/input/data/work/ee/c1858d0caceae558c2e9b50a1cc362,true,-
104,cpu07,a3/d57a6f,nf-a3d57a6f1f1415f29f7c42fd12c77330,NFCORE_SAREK:SAREK:PREPARE_INTERVALS:TABIX_BGZIPTABIX_INTERVAL_SPLIT,12_1-133851895,NFCORE_SAREK:SAREK:PREPARE_INTERVALS:TABIX_BGZIPTABIX_INTERVAL_SPLIT (12_1-133851895),COMPLETED,0,-,quay.io/biocontainers/tabix:1.11--hdfd78af_0,2,14400000,-,1073741824,1,1700932828772,1700932834000,1700932843000,14228,0,-,41.6,0.0,3235840,5632000,3235840,5636096,87936,3354,213,47,0,16384,4,2,/input/data/work/a3/d57a6f1f1415f29f7c42fd12c77330,true,-
102,cpu06,fe/b4b36b,nf-feb4b36b3b4381dc3e160dafa76d90e6,NFCORE_SAREK:SAREK:PREPARE_INTERVALS:TABIX_BGZIPTABIX_INTERVAL_SPLIT,10_1-135534747,NFCORE_SAREK:SAREK:PREPARE_INTERVALS:TABIX_BGZIPTABIX_INTERVAL_SPLIT (10_1-135534747),COMPLETED,0,-,quay.io/biocontainers/tabix:1.11--hdfd78af_0,2,14400000,-,1073741824,1,1700932828798,1700932834000,1700932847000,18202,9000,-,0.4,0.0,3276800,5632000,3276800,5636096,87801,3352,212,47,0,16384,3,3,/input/data/work/fe/b4b36b3b4381dc3e160dafa76d90e6,true,-
127,cpu09,d0/98646f,nf-d098646f0bcc415031a15b6ec296a28c,NFCORE_SAREK:SAREK:PREPARE_INTERVALS:TABIX_BGZIPTABIX_INTERVAL_SPLIT,GL000219.1_1-179198,NFCORE_SAREK:SAREK:PREPARE_INTERVALS:TABIX_BGZIPTABIX_INTERVAL_SPLIT (GL000219.1_1-179198),COMPLETED,0,-,quay.io/biocontainers/tabix:1.11--hdfd78af_0,2,14400000,-,1073741824,1,1700932828821,1700932837000,1700932845000,16179,4000,-,0.8,0.0,4714496,36196352,4714496,36200448,87855,3246,213,47,0,16384,6,5,/input/data/work/d0/98646f0bcc415031a15b6ec296a28c,true,-
121,cpu09,d1/bb21a4,nf-d1bb21a42f7aafda78fcce7190c08eb1,NFCORE_SAREK:SAREK:PREPARE_INTERVALS:TABIX_BGZIPTABIX_INTERVAL_SPLIT,GL000200.1_1-187035,NFCORE_SAREK:SAREK:PREPARE_INTERVALS:TABIX_BGZIPTABIX_INTERVAL_SPLIT (GL000200.1_1-187035),COMPLETED,0,-,quay.io/biocontainers/tabix:1.11--hdfd78af_0,2,14400000,-,1073741824,1,1700932828846,1700932837000,1700932845000,16154,0,-,51.6,0.0,3313664,5632000,3313664,5636096,87858,3250,214,47,0,16384,4,3,/input/data/work/d1/bb21a42f7aafda78fcce7190c08eb1,true,-
125,cpu10,db/514e05,nf-db514e05999ee5f127e1d0c8eec72c87,NFCORE_SAREK:SAREK:PREPARE_INTERVALS:TABIX_BGZIPTABIX_INTERVAL_SPLIT,GL000223.1_1-180455,NFCORE_SAREK:SAREK:PREPARE_INTERVALS:TABIX_BGZIPTABIX_INTERVAL_SPLIT (GL000223.1_1-180455),COMPLETED,0,-,quay.io/biocontainers/tabix:1.11--hdfd78af_0,2,14400000,-,1073741824,1,1700932828869,1700932840000,1700932862000,33131,6000,-,0.3,0.0,4710400,36196352,4710400,36200448,87938,3250,214,47,0,16384,6,4,/input/data/work/db/514e05999ee5f127e1d0c8eec72c87,true,-
120,cpu02,68/b6a58e,nf-68b6a58e1197230492ab8d7ba71021b1,NFCORE_SAREK:SAREK:PREPARE_INTERVALS:TABIX_BGZIPTABIX_INTERVAL_SPLIT,GL000193.1_1-189789,NFCORE_SAREK:SAREK:PREPARE_INTERVALS:TABIX_BGZIPTABIX_INTERVAL_SPLIT (GL000193.1_1-189789),COMPLETED,0,-,quay.io/biocontainers/tabix:1.11--hdfd78af_0,2,14400000,-,1073741824,1,1700932828899,1700932840000,1700932846000,17101,0,-,53.6,0.0,3272704,5632000,3272704,5636096,87958,3253,214,47,0,16384,2,5,/input/data/work/68/b6a58e1197230492ab8d7ba71021b1,true,-
126,cpu10,88/b08ca2,nf-88b08ca2a358e66c183f3496397c6708,NFCORE_SAREK:SAREK:PREPARE_INTERVALS:TABIX_BGZIPTABIX_INTERVAL_SPLIT,GL000224.1_1-179693,NFCORE_SAREK:SAREK:PREPARE_INTERVALS:TABIX_BGZIPTABIX_INTERVAL_SPLIT (GL000224.1_1-179693),COMPLETED,0,-,quay.io/biocontainers/tabix:1.11--hdfd78af_0,2,14400000,-,1073741824,1,1700932828919,1700932841000,1700932846000,17081,0,-,44.3,0.0,3317760,5632000,3317760,5636096,87940,3250,213,47,0,16384,2,3,/input/data/work/88/b08ca2a358e66c183f3496397c6708,true,-
93,cpu10,6f/6bf360,nf-6f6bf3603cf817a364afc9e8412d6e6c,NFCORE_SAREK:SAREK:PREPARE_INTERVALS:TABIX_BGZIPTABIX_INTERVAL_SPLIT,2_1-243199373,NFCORE_SAREK:SAREK:PREPARE_INTERVALS:TABIX_BGZIPTABIX_INTERVAL_SPLIT (2_1-243199373),COMPLETED,0,-,quay.io/biocontainers/tabix:1.11--hdfd78af_0,2,14400000,-,1073741824,1,1700932829066,1700932842000,1700932847000,17934,0,-,30.8,0.0,3334144,5632000,3334144,5636096,87904,3413,213,47,0,16384,4,3,/input/data/work/6f/6bf3603cf817a364afc9e8412d6e6c,true,-
130,cpu02,bb/16a12d,nf-bb16a12da6c4572383d429c804a92cf1,NFCORE_SAREK:SAREK:PREPARE_INTERVALS:TABIX_BGZIPTABIX_INTERVAL_SPLIT,GL000216.1_1-172294,NFCORE_SAREK:SAREK:PREPARE_INTERVALS:TABIX_BGZIPTABIX_INTERVAL_SPLIT (GL000216.1_1-172294),COMPLETED,0,-,quay.io/biocontainers/tabix:1.11--hdfd78af_0,2,14400000,-,1073741824,1,1700932829091,1700932841000,1700932863000,33909,13000,-,0.3,0.0,4534272,36196352,4534272,36200448,87957,3249,214,47,0,16384,6,6,/input/data/work/bb/16a12da6c4572383d429c804a92cf1,true,-
129,cpu02,40/27c0f6,nf-4027c0f6e4764277fa668fbf097ad876,NFCORE_SAREK:SAREK:PREPARE_INTERVALS:TABIX_BGZIPTABIX_INTERVAL_SPLIT,GL000215.1_1-172545,NFCORE_SAREK:SAREK:PREPARE_INTERVALS:TABIX_BGZIPTABIX_INTERVAL_SPLIT (GL000215.1_1-172545),COMPLETED,0,-,quay.io/biocontainers/tabix:1.11--hdfd78af_0,2,14400000,-,1073741824,1,1700932829120,1700932841000,1700932846000,16880,1000,-,26.3,0.0,3272704,5632000,3272704,5636096,87958,3251,212,47,0,16384,2,3,/input/data/work/40/27c0f6e4764277fa668fbf097ad876,true,-
128,cpu10,92/8578ea,nf-928578ea5883eb8e89e0076eed26b2fa,NFCORE_SAREK:SAREK:PREPARE_INTERVALS:TABIX_BGZIPTABIX_INTERVAL_SPLIT,GL000205.1_1-174588,NFCORE_SAREK:SAREK:PREPARE_INTERVALS:TABIX_BGZIPTABIX_INTERVAL_SPLIT (GL000205.1_1-174588),COMPLETED,0,-,quay.io/biocontainers/tabix:1.11--hdfd78af_0,2,14400000,-,1073741824,1,1700932829145,1700932841000,1700932846000,16855,0,-,71.5,0.0,3248128,5632000,3248128,5636096,87940,3250,213,47,0,16384,4,3,/input/data/work/92/8578ea5883eb8e89e0076eed26b2fa,true,-
92,cpu03,41/5a3099,nf-415a30992025fdf8199ed6fc748a6f76,NFCORE_SAREK:SAREK:PREPARE_INTERVALS:TABIX_BGZIPTABIX_INTERVAL_SPLIT,1_1-249250621,NFCORE_SAREK:SAREK:PREPARE_INTERVALS:TABIX_BGZIPTABIX_INTERVAL_SPLIT (1_1-249250621),COMPLETED,0,-,quay.io/biocontainers/tabix:1.11--hdfd78af_0,2,14400000,-,1073741824,1,1700932827824,1700932828000,1700932848000,20176,9000,-,0.5,0.0,4587520,36196352,4587520,36200448,87931,3415,212,47,0,16384,8,7,/input/data/work/41/5a30992025fdf8199ed6fc748a6f76,true,-
98,cpu06,1a/3561c7,nf-1a3561c70e305d6b0c5838c52656d1c9,NFCORE_SAREK:SAREK:PREPARE_INTERVALS:TABIX_BGZIPTABIX_INTERVAL_SPLIT,7_1-159138663,NFCORE_SAREK:SAREK:PREPARE_INTERVALS:TABIX_BGZIPTABIX_INTERVAL_SPLIT (7_1-159138663),COMPLETED,0,-,quay.io/biocontainers/tabix:1.11--hdfd78af_0,2,14400000,-,1073741824,1,1700932827847,1700932828000,1700932847000,19153,14000,-,0.2,0.0,3309568,5632000,3309568,5636096,87794,3369,213,47,0,16384,3,2,/input/data/work/1a/3561c70e305d6b0c5838c52656d1c9,true,-
70,cpu08,6b/689495,nf-6b6894956b942ac65b26531919c3fc59,NFCORE_SAREK:SAREK:FASTP,SRR11452486-3,NFCORE_SAREK:SAREK:FASTP (SRR11452486-3),FAILED,-,-,quay.io/biocontainers/fastp:0.23.2--h79da9fb_0,3,28800000,-,4294967296,1,1700932743508,1700932755000,1700933202000,458492,353000,-,265.8,1.5,2044329984,2330132480,2044329984,2397245440,5376451877,5543074465,1480,14950,393216,5543104512,13,40,/input/data/work/6b/6894956b942ac65b26531919c3fc59,true,FINISH
46,cpu03,f6/e489e8,nf-f6e489e839ca478cba3c56eb7881aaa1,NFCORE_SAREK:SAREK:FASTP,SRR11452473-4,NFCORE_SAREK:SAREK:FASTP (SRR11452473-4),COMPLETED,0,-,quay.io/biocontainers/fastp:0.23.2--h79da9fb_0,3,28800000,-,4294967296,1,1700932743557,1700932744000,1700933467000,723443,556000,-,149.1,1.5,1999925248,2330132480,1999925248,2397245440,5277697528,5440433633,1458,14638,450560,5440458752,18,45,/input/data/work/f6/e489e839ca478cba3c56eb7881aaa1,true,-
19,cpu02,5e/c66895,nf-5ec668955a50ae3400cda395b715d31f,NFCORE_SAREK:SAREK:FASTP,SRR11452394-5,NFCORE_SAREK:SAREK:FASTP (SRR11452394-5),COMPLETED,0,-,quay.io/biocontainers/fastp:0.23.2--h79da9fb_0,3,28800000,-,4294967296,1,1700932743652,1700932748000,1700933336000,592348,452000,-,149.3,1.5,2024075264,2330132480,2024075264,2397245440,4363599540,4487768033,1240,11986,352256,4487794688,11,191,/input/data/work/5e/c668955a50ae3400cda395b715d31f,true,-
53,cpu08,f2/5651e5,nf-f25651e531c51cde2e7cddfed80d6c38,NFCORE_SAREK:SAREK:FASTP,SRR11452477-6,NFCORE_SAREK:SAREK:FASTP (SRR11452477-6),FAILED,-,-,quay.io/biocontainers/fastp:0.23.2--h79da9fb_0,3,28800000,-,4294967296,1,1700932743720,1700932753000,1700933219000,475280,349000,-,268.2,1.5,2040623104,2330132480,2042957824,2330136576,5406459491,5572334555,1490,14974,3026944,5572358144,35,42,/input/data/work/f2/5651e531c51cde2e7cddfed80d6c38,true,FINISH
33,cpu07,ef/bad1db,nf-efbad1db5ae54ece3ab4dbd644f3163a,NFCORE_SAREK:SAREK:FASTP,SRR11452401-4,NFCORE_SAREK:SAREK:FASTP (SRR11452401-4),COMPLETED,0,-,quay.io/biocontainers/fastp:0.23.2--h79da9fb_0,3,28800000,-,4294967296,1,1700932744224,1700932746000,1700933473000,728776,513000,-,131.8,1.5,2000420864,2330132480,2000420864,2397245440,4255301453,4375507285,1215,11734,372736,4375535616,11,49,/input/data/work/ef/bad1db5ae54ece3ab4dbd644f3163a,true,-
50,cpu01,0c/bd0b0d,nf-0cbd0b0d07245921b3486ae408f6c23b,NFCORE_SAREK:SAREK:FASTP,SRR11452475-2,NFCORE_SAREK:SAREK:FASTP (SRR11452475-2),COMPLETED,0,-,quay.io/biocontainers/fastp:0.23.2--h79da9fb_0,3,28800000,-,4294967296,1,1700932744249,1700932745000,1700933509000,764751,566000,-,142.0,1.5,2022625280,2330132480,2022625280,2397245440,5303410216,5466507855,1463,14698,507904,5466537984,10,104,/input/data/work/0c/bd0b0d07245921b3486ae408f6c23b,true,-
52,cpu10,33/086d5f,nf-33086d5f852b2b99d4dc00b66fa34010,NFCORE_SAREK:SAREK:FASTP,SRR11452476-1,NFCORE_SAREK:SAREK:FASTP (SRR11452476-1),COMPLETED,0,-,quay.io/biocontainers/fastp:0.23.2--h79da9fb_0,3,28800000,-,4294967296,1,1700932744595,1700932745000,1700933520000,775405,667000,-,113.1,1.5,2019344384,2330132480,2019344384,2330136576,4951457362,5101348549,1381,13666,3280896,5101375488,34,45,/input/data/work/33/086d5f852b2b99d4dc00b66fa34010,true,-
56,cpu01,66/e67658,nf-66e6765807d2fed96177d0becccac939,NFCORE_SAREK:SAREK:FASTP,SRR11452480-3,NFCORE_SAREK:SAREK:FASTP (SRR11452480-3),COMPLETED,0,-,quay.io/biocontainers/fastp:0.23.2--h79da9fb_0,3,28800000,-,4294967296,1,1700932744539,1700932745000,1700933539000,794461,610000,-,165.6,1.5,1992704000,2330132480,1992704000,2397245440,6535871459,6740679123,1757,18055,380928,6740709376,8,363,/input/data/work/66/e6765807d2fed96177d0becccac939,true,-
32,cpu07,f9/33698c,nf-f933698cf02c827e084613aba9a8afcc,NFCORE_SAREK:SAREK:FASTP,SRR11452400-5,NFCORE_SAREK:SAREK:FASTP (SRR11452400-5),COMPLETED,0,-,quay.io/biocontainers/fastp:0.23.2--h79da9fb_0,3,28800000,-,4294967296,1,1700932744569,1700932746000,1700933563000,818431,706000,-,104.9,1.5,2050621440,2330132480,2050621440,2397245440,4570495857,4700416017,1290,12538,372736,4700446720,12,65,/input/data/work/f9/33698cf02c827e084613aba9a8afcc,true,-
55,cpu01,23/275811,nf-23275811cefc4b4bb264e68c5c7fe97f,NFCORE_SAREK:SAREK:FASTP,SRR11452479-4,NFCORE_SAREK:SAREK:FASTP (SRR11452479-4),COMPLETED,0,-,quay.io/biocontainers/fastp:0.23.2--h79da9fb_0,3,28800000,-,4294967296,1,1700932743532,1700932744000,1700933539000,795468,680000,-,120.0,1.5,2048737280,2330132480,2048737280,2330136576,5322014368,5487909663,1468,14890,3407872,5487931392,30,50,/input/data/work/23/275811cefc4b4bb264e68c5c7fe97f,true,-
54,cpu07,f4/925182,nf-f492518260bac600f9b1f5f972ba77bb,NFCORE_SAREK:SAREK:FASTP,SRR11452478-5,NFCORE_SAREK:SAREK:FASTP (SRR11452478-5),COMPLETED,0,-,quay.io/biocontainers/fastp:0.23.2--h79da9fb_0,3,28800000,-,4294967296,1,1700932743946,1700932746000,1700933562000,818054,516000,-,148.2,1.5,2025570304,2330132480,2025570304,2330136576,4808082315,4954695304,1347,13390,0,4954722304,20,113,/input/data/work/f4/92518260bac600f9b1f5f972ba77bb,true,-
58,cpu06,16/2bff88,nf-162bff880212a967eedbc7df0e66c412,NFCORE_SAREK:SAREK:FASTQC,SRR11452478-5,NFCORE_SAREK:SAREK:FASTQC (SRR11452478-5),COMPLETED,0,-,quay.io/biocontainers/fastqc:0.11.9--0,2,28800000,-,1610612736,1,1700932743113,1700932748000,1700933573000,829887,819000,-,59.3,0.2,294744064,3009908736,294744064,3077021696,4817166436,3569971,9379996,11100,0,4665344,7,6,/input/data/work/16/2bff880212a967eedbc7df0e66c412,true,-
29,cpu08,66/bff6a9,nf-66bff6a9e857c42de9b3e577f0ef80e9,NFCORE_SAREK:SAREK:FASTP,SRR11452399-6,NFCORE_SAREK:SAREK:FASTP (SRR11452399-6),COMPLETED,0,-,quay.io/biocontainers/fastp:0.23.2--h79da9fb_0,3,28800000,-,4294967296,1,1700932744147,1700932754000,1700933657000,912853,345000,-,268.2,1.5,2023206912,2330132480,2023206912,2397245440,5377331930,5534316311,1480,14782,512000,5534339072,17,48,/input/data/work/66/bff6a9e857c42de9b3e577f0ef80e9,true,-
20,cpu08,39/91194e,nf-3991194e65925377305dd1c47e8aa911,NFCORE_SAREK:SAREK:FASTQC,SRR11452394-5,NFCORE_SAREK:SAREK:FASTQC (SRR11452394-5),COMPLETED,0,-,quay.io/biocontainers/fastqc:0.11.9--0,2,28800000,-,1610612736,1,1700932744488,1700932754000,1700933657000,912512,592000,-,88.2,0.3,359350272,3089989632,359350272,3145183232,4372661330,3590389,8511711,11216,0,5173248,7,9,/input/data/work/39/91194e65925377305dd1c47e8aa911,true,-
34,cpu03,eb/103e45,nf-eb103e45cbb426306816b72206c51d4f,NFCORE_SAREK:SAREK:FASTQC,SRR11452401-4,NFCORE_SAREK:SAREK:FASTQC (SRR11452401-4),COMPLETED,0,-,quay.io/biocontainers/fastqc:0.11.9--0,2,28800000,-,1610612736,1,1700932744643,1700932745000,1700933693000,948357,825000,-,55.0,0.3,347865088,3089989632,357490688,3145183232,4264406127,3608942,8300232,11193,0,4997120,7,13,/input/data/work/eb/103e45cbb426306816b72206c51d4f,true,-
26,cpu06,7a/30028f,nf-7a30028ffbd8762fffccc43938817371,NFCORE_SAREK:SAREK:FASTP,SRR11452397-2,NFCORE_SAREK:SAREK:FASTP (SRR11452397-2),COMPLETED,0,-,quay.io/biocontainers/fastp:0.23.2--h79da9fb_0,3,28800000,-,4294967296,1,1700932744691,1700932747000,1700933727000,982309,823000,-,108.8,1.5,2051448832,2330132480,2051448832,2330136576,5873234165,6045129476,1602,15922,856064,6045155328,18,44,/input/data/work/7a/30028ffbd8762fffccc43938817371,true,-
31,cpu06,a9/07f71d,nf-a907f71d85ee94c2c82023a74aa4d09f,NFCORE_SAREK:SAREK:FASTQC,SRR11452400-5,NFCORE_SAREK:SAREK:FASTQC (SRR11452400-5),COMPLETED,0,-,quay.io/biocontainers/fastqc:0.11.9--0,2,28800000,-,1610612736,1,1700932743283,1700932748000,1700933778000,1034717,1026000,-,45.0,0.3,343572480,3089989632,353955840,3145183232,4579557994,3596307,8915808,11263,0,5873664,7,8,/input/data/work/a9/07f71d85ee94c2c82023a74aa4d09f,true,-
59,cpu06,52/e995c6,nf-52e995c6f0cd6bb3c055437287848c49,NFCORE_SAREK:SAREK:FASTQC,SRR11452479-4,NFCORE_SAREK:SAREK:FASTQC (SRR11452479-4),COMPLETED,0,-,quay.io/biocontainers/fastqc:0.11.9--0,2,28800000,-,1610612736,1,1700932743433,1700932747000,1700933773000,1029567,998000,-,55.0,0.3,341204992,3089989632,353034240,3145183232,5331069729,3579496,10383596,11201,0,5627904,7,4,/input/data/work/52/e995c6f0cd6bb3c055437287848c49,true,-
21,cpu06,6b/b75dde,nf-6bb75dde81a7a4ec9329dd440228ea6f,NFCORE_SAREK:SAREK:FASTQC,SRR11452395-4,NFCORE_SAREK:SAREK:FASTQC (SRR11452395-4),COMPLETED,0,-,quay.io/biocontainers/fastqc:0.11.9--0,2,28800000,-,1610612736,1,1700932743628,1700932747000,1700933773000,1029372,1022000,-,51.3,0.2,330915840,3089989632,330915840,3116851200,5284157101,3572073,10292149,11197,0,5558272,7,7,/input/data/work/6b/b75dde81a7a4ec9329dd440228ea6f,true,-
42,cpu06,c2/0ee461,nf-c20ee461f8e6f72b837930b0435d066d,NFCORE_SAREK:SAREK:FASTQC,SRR11452471-6,NFCORE_SAREK:SAREK:FASTQC (SRR11452471-6),COMPLETED,0,-,quay.io/biocontainers/fastqc:0.11.9--0,2,28800000,-,1610612736,1,1700932743822,1700932747000,1700933727000,983178,897000,-,53.8,0.2,299220992,3009908736,299220992,3009921024,4825036641,3561274,9395221,11122,0,4726784,7,7,/input/data/work/c2/0ee461f8e6f72b837930b0435d066d,true,-
18,cpu06,0c/67421a,nf-0c67421aa9651a141e112fdc76aee87c,NFCORE_SAREK:SAREK:FASTQC,SRR11452393-6,NFCORE_SAREK:SAREK:FASTQC (SRR11452393-6),COMPLETED,0,-,quay.io/biocontainers/fastqc:0.11.9--0,2,28800000,-,1610612736,1,1700932744175,1700932747000,1700933773000,1028825,994000,-,51.9,0.2,336551936,3089989632,359587840,3116851200,5151941980,3580003,10033763,11211,0,5550080,7,9,/input/data/work/0c/67421aa9651a141e112fdc76aee87c,true,-
22,cpu10,66/22ddce,nf-6622ddceb349449ea5c191d92e25c161,NFCORE_SAREK:SAREK:FASTP,SRR11452395-4,NFCORE_SAREK:SAREK:FASTP (SRR11452395-4),COMPLETED,0,-,quay.io/biocontainers/fastp:0.23.2--h79da9fb_0,3,28800000,-,4294967296,1,1700932744198,1700932745000,1700933691000,946802,795000,-,101.6,1.5,2020925440,2330132480,2020925440,2330136576,5275072356,5422783116,1458,14190,376832,5422804992,12,474,/input/data/work/66/22ddceb349449ea5c191d92e25c161,true,-
72,cpu02,65/5c1b30,nf-655c1b30d352b029298b7c6e6c76e3ba,NFCORE_SAREK:SAREK:FASTP,SRR11452487-2,NFCORE_SAREK:SAREK:FASTP (SRR11452487-2),COMPLETED,0,-,quay.io/biocontainers/fastp:0.23.2--h79da9fb_0,3,28800000,-,4294967296,1,1700932744461,1700932749000,1700933717000,972539,780000,-,106.8,1.5,2013892608,2330132480,2013892608,2330136576,5228896482,5391811461,1447,14618,356352,5391839232,12,54,/input/data/work/65/5c1b30d352b029298b7c6e6c76e3ba,true,-
51,cpu06,86/3174e5,nf-863174e557de63c6e1fecb5536bfebba,NFCORE_SAREK:SAREK:FASTQC,SRR11452476-1,NFCORE_SAREK:SAREK:FASTQC (SRR11452476-1),COMPLETED,0,-,quay.io/biocontainers/fastqc:0.11.9--0,2,28800000,-,1610612736,1,1700932744515,1700932748000,1700933747000,1002485,992000,-,49.8,0.3,349732864,3089989632,349827072,3145183232,4960538498,3566439,9659888,11138,0,5558272,7,8,/input/data/work/86/3174e557de63c6e1fecb5536bfebba,true,-
77,cpu10,17/bf5985,nf-17bf5985f1e563ef53c743c6891a17f2,NFCORE_SAREK:SAREK:FASTQC,SRR11452489-6,NFCORE_SAREK:SAREK:FASTQC (SRR11452489-6),COMPLETED,0,-,quay.io/biocontainers/fastqc:0.11.9--0,2,28800000,-,1610612736,1,1700932744047,1700932745000,1700933793000,1048953,1032000,-,45.5,0.3,342122496,3089989632,352907264,3145183232,4741389918,3591683,9231916,11215,0,5365760,7,4,/input/data/work/17/bf5985f1e563ef53c743c6891a17f2,true,-
45,cpu01,84/82802c,nf-8482802c94ac2114e48e0812d1edaf5a,NFCORE_SAREK:SAREK:FASTQC,SRR11452473-4,NFCORE_SAREK:SAREK:FASTQC (SRR11452473-4),COMPLETED,0,-,quay.io/biocontainers/fastqc:0.11.9--0,2,28800000,-,1610612736,1,1700932744095,1700932744000,1700933813000,1068905,1049000,-,51.3,0.2,336334848,3089989632,359579648,3145183232,5286749776,3573685,10297063,11144,0,7114752,4,4,/input/data/work/84/82802c94ac2114e48e0812d1edaf5a,true,-
86,cpu01,55/f8afab,nf-55f8afabec538e6d4072df9a53b993b5,NFCORE_SAREK:SAREK:FASTP,SRR11452493-2,NFCORE_SAREK:SAREK:FASTP (SRR11452493-2),COMPLETED,0,-,quay.io/biocontainers/fastp:0.23.2--h79da9fb_0,3,28800000,-,4294967296,1,1700932744905,1700932745000,1700933813000,1068095,915000,-,96.4,1.5,2008649728,2330132480,2008649728,2330136576,5582915923,5756074621,1531,15466,2461696,5756104704,7,42,/input/data/work/55/f8afabec538e6d4072df9a53b993b5,true,-
35,cpu03,35/9d145b,nf-359d145bf801ab8ddf2d54f33182c5b1,NFCORE_SAREK:SAREK:FASTP,SRR11452402-3,NFCORE_SAREK:SAREK:FASTP (SRR11452402-3),COMPLETED,0,-,quay.io/biocontainers/fastp:0.23.2--h79da9fb_0,3,28800000,-,4294967296,1,1700932743224,1700932745000,1700933825000,1081776,834000,-,121.9,1.5,2016215040,2330132480,2016215040,2397245440,6343101858,6541620965,1711,17515,372736,6541647872,11,80,/input/data/work/35/9d145bf801ab8ddf2d54f33182c5b1,true,-
37,cpu09,61/ef1e29,nf-61ef1e29f5be8f79051996544ae8196a,NFCORE_SAREK:SAREK:FASTP,SRR11452403-2,NFCORE_SAREK:SAREK:FASTP (SRR11452403-2),COMPLETED,0,-,quay.io/biocontainers/fastp:0.23.2--h79da9fb_0,3,28800000,-,4294967296,1,1700932744669,1700932748000,1700933839000,1094331,529000,-,151.0,1.5,2019471360,2330132480,2019471360,2330136576,5098854190,5256311077,1417,14182,491520,5256339456,14,53,/input/data/work/61/ef1e29f5be8f79051996544ae8196a,true,-
88,cpu07,25/5c22e5,nf-255c22e5d79a3de3bc8ad3c2a1a4b003,NFCORE_SAREK:SAREK:FASTP,SRR11452494-1,NFCORE_SAREK:SAREK:FASTP (SRR11452494-1),COMPLETED,0,-,quay.io/biocontainers/fastp:0.23.2--h79da9fb_0,3,28800000,-,4294967296,1,1700932744932,1700932746000,1700933843000,1098068,823000,-,106.8,1.5,2048802816,2330132480,2048802816,2330136576,5352325407,5517581868,1476,14830,372736,5517615104,12,42,/input/data/work/25/5c22e5d79a3de3bc8ad3c2a1a4b003,true,-
73,cpu10,b9/6ef7b5,nf-b96ef7b5e77ee9d955a69b4c157b33ba,NFCORE_SAREK:SAREK:FASTQC,SRR11452486-3,NFCORE_SAREK:SAREK:FASTQC (SRR11452486-3),COMPLETED,0,-,quay.io/biocontainers/fastqc:0.11.9--0,2,28800000,-,1610612736,1,1700932743087,1700932745000,1700933848000,1104913,1090000,-,49.8,0.3,348602368,3089989632,360271872,3145183232,5385502526,3564179,10490024,11169,0,5947392,7,5,/input/data/work/b9/6ef7b5e77ee9d955a69b4c157b33ba,true,-
17,cpu07,95/9e03dd,nf-959e03dd379286eecbffe3588ac5ebd9,NFCORE_SAREK:SAREK:FASTP,SRR11452393-6,NFCORE_SAREK:SAREK:FASTP (SRR11452393-6),COMPLETED,0,-,quay.io/biocontainers/fastp:0.23.2--h79da9fb_0,3,28800000,-,4294967296,1,1700932743172,1700932745000,1700933843000,1099828,906000,-,94.4,1.5,2032250880,2330132480,2032250880,2330136576,5142888536,5292032720,1426,14014,753664,5292056576,18,39,/input/data/work/95/9e03dd379286eecbffe3588ac5ebd9,true,-
48,cpu10,c9/874bd2,nf-c9874bd222558a91a972aa333681f91a,NFCORE_SAREK:SAREK:FASTQC,SRR11452475-2,NFCORE_SAREK:SAREK:FASTQC (SRR11452475-2),COMPLETED,0,-,quay.io/biocontainers/fastqc:0.11.9--0,2,28800000,-,1610612736,1,1700932743578,1700932745000,1700933848000,1104422,1081000,-,49.4,0.3,341950464,3089989632,350212096,3145183232,5312462037,3574445,10347248,11188,0,5480448,7,6,/input/data/work/c9/874bd222558a91a972aa333681f91a,true,-
66,cpu03,5e/75fced,nf-5e75fced09ba69ac2e2d0e5606c440ba,NFCORE_SAREK:SAREK:FASTP,SRR11452483-6,NFCORE_SAREK:SAREK:FASTP (SRR11452483-6),COMPLETED,0,-,quay.io/biocontainers/fastp:0.23.2--h79da9fb_0,3,28800000,-,4294967296,1,1700932744020,1700932744000,1700933853000,1108980,962000,-,103.6,1.5,2002771968,2330132480,2002771968,2330136576,6078924143,6266619355,1649,16726,372736,6266646528,12,48,/input/data/work/5e/75fced09ba69ac2e2d0e5606c440ba,true,-
57,cpu10,57/350300,nf-573503003164ea6354f281e581baeed7,NFCORE_SAREK:SAREK:FASTQC,SRR11452477-6,NFCORE_SAREK:SAREK:FASTQC (SRR11452477-6),COMPLETED,0,-,quay.io/biocontainers/fastqc:0.11.9--0,2,28800000,-,1610612736,1,1700932743845,1700932746000,1700933859000,1115155,1112000,-,48.7,0.3,349687808,3089989632,352194560,3145183232,5415559595,3610115,10548620,11199,0,5656576,7,5,/input/data/work/57/3503003164ea6354f281e581baeed7,true,-
75,cpu10,42/63e69b,nf-4263e69b1dfd9c5d426e5799b9fada13,NFCORE_SAREK:SAREK:FASTQC,SRR11452488-1,NFCORE_SAREK:SAREK:FASTQC (SRR11452488-1),COMPLETED,0,-,quay.io/biocontainers/fastqc:0.11.9--0,2,28800000,-,1610612736,1,1700932743307,1700932745000,1700933898000,1154693,1150000,-,55.0,0.2,332062720,3089989632,332316672,3145183232,6318220743,3566239,12311754,11141,0,5722112,7,6,/input/data/work/42/63e69b1dfd9c5d426e5799b9fada13,true,-
25,cpu10,be/994b1d,nf-be994b1d54783f4c1f0cd3315384c57e,NFCORE_SAREK:SAREK:FASTQC,SRR11452397-2,NFCORE_SAREK:SAREK:FASTQC (SRR11452397-2),COMPLETED,0,-,quay.io/biocontainers/fastqc:0.11.9--0,2,28800000,-,1610612736,1,1700932744367,1700932745000,1700933898000,1153633,1149000,-,51.4,0.3,345456640,3089989632,359919616,3145187328,5882326062,3592423,11460238,11135,0,5951488,7,5,/input/data/work/be/994b1d54783f4c1f0cd3315384c57e,true,-
81,cpu01,9c/c00b59,nf-9cc00b597f92163b968fcfe275eed268,NFCORE_SAREK:SAREK:FASTQC,SRR11452491-4,NFCORE_SAREK:SAREK:FASTQC (SRR11452491-4),COMPLETED,0,-,quay.io/biocontainers/fastqc:0.11.9--0,2,28800000,-,1610612736,1,1700932744777,1700932745000,1700933900000,1155223,1151000,-,50.6,0.3,342810624,3089989632,359755776,3145183232,5780722219,3596609,11261768,11134,0,7352320,4,7,/input/data/work/9c/c00b597f92163b968fcfe275eed268,true,-
61,cpu01,3c/5b19ce,nf-3c5b19cea382f1cdc2adfb50e5e36a97,NFCORE_SAREK:SAREK:FASTQC,SRR11452481-2,NFCORE_SAREK:SAREK:FASTQC (SRR11452481-2),COMPLETED,0,-,quay.io/biocontainers/fastqc:0.11.9--0,2,28800000,-,1610612736,1,1700932743255,1700932744000,1700933900000,1156745,1149000,-,53.5,0.2,332713984,3089989632,332713984,3145183232,6225002137,3588542,12129677,11209,0,7483392,4,7,/input/data/work/3c/5b19cea382f1cdc2adfb50e5e36a97,true,-
47,cpu01,c8/061158,nf-c80611588cd3b5293ba67a7640ac2a7e,NFCORE_SAREK:SAREK:FASTQC,SRR11452474-3,NFCORE_SAREK:SAREK:FASTQC (SRR11452474-3),COMPLETED,0,-,quay.io/biocontainers/fastqc:0.11.9--0,2,28800000,-,1610612736,1,1700932743744,1700932744000,1700933919000,1175256,1173000,-,54.5,0.3,353918976,3089989632,354009088,3145183232,6283472713,3587575,12243771,11210,0,7606272,4,3,/input/data/work/c8/0611588cd3b5293ba67a7640ac2a7e,true,-
62,cpu06,cb/cadd9f,nf-cbcadd9f953c20a64bd2d0de43c19b45,NFCORE_SAREK:SAREK:FASTP,SRR11452481-2,NFCORE_SAREK:SAREK:FASTP (SRR11452481-2),COMPLETED,0,-,quay.io/biocontainers/fastp:0.23.2--h79da9fb_0,3,28800000,-,4294967296,1,1700932743891,1700932748000,1700933915000,1171109,1042000,-,93.3,1.5,2019618816,2330132480,2019618816,2330136576,6215942153,6408542551,1682,17062,397312,6408577024,12,107,/input/data/work/cb/cadd9f953c20a64bd2d0de43c19b45,true,-
36,cpu01,22/ba6e39,nf-22ba6e39388555bcbc7f638cb8df0c0d,NFCORE_SAREK:SAREK:FASTQC,SRR11452402-3,NFCORE_SAREK:SAREK:FASTQC (SRR11452402-3),COMPLETED,0,-,quay.io/biocontainers/fastqc:0.11.9--0,2,28800000,-,1610612736,1,1700932743917,1700932744000,1700933919000,1175083,1157000,-,55.8,0.2,331530240,3089989632,331530240,3145183232,6352166620,3597577,12378059,11226,0,7553024,4,5,/input/data/work/22/ba6e39388555bcbc7f638cb8df0c0d,true,-
85,cpu10,11/db2540,nf-11db25409aa125666c3ad504fc4b2567,NFCORE_SAREK:SAREK:FASTQC,SRR11452493-2,NFCORE_SAREK:SAREK:FASTQC (SRR11452493-2),COMPLETED,0,-,quay.io/biocontainers/fastqc:0.11.9--0,2,28800000,-,1610612736,1,1700932744880,1700932746000,1700933921000,1176120,1170000,-,47.9,0.2,339574784,3089989632,346513408,3147042816,5591980368,3595729,10893383,11136,0,6291456,7,8,/input/data/work/11/db25409aa125666c3ad504fc4b2567,true,-
69,cpu10,9e/dbfde3,nf-9edbfde3554e99966d16024a11eb3ae9,NFCORE_SAREK:SAREK:FASTQC,SRR11452484-5,NFCORE_SAREK:SAREK:FASTQC (SRR11452484-5),COMPLETED,0,-,quay.io/biocontainers/fastqc:0.11.9--0,2,28800000,-,1610612736,1,1700932743673,1700932745000,1700933921000,1177327,1155000,-,51.9,0.2,338620416,3089989632,348590080,3145183232,5688057037,3603268,11080876,11235,0,5816320,7,9,/input/data/work/9e/dbfde3554e99966d16024a11eb3ae9,true,-
82,cpu02,f6/f3ae1f,nf-f6f3ae1fbfc69d9fd1c0514fc8bcc130,NFCORE_SAREK:SAREK:FASTP,SRR11452491-4,NFCORE_SAREK:SAREK:FASTP (SRR11452491-4),COMPLETED,0,-,quay.io/biocontainers/fastp:0.23.2--h79da9fb_0,3,28800000,-,4294967296,1,1700932744713,1700932748000,1700933925000,1180287,1045000,-,89.8,1.5,2029494272,2330132480,2029494272,2330136576,5771659081,5952434056,1577,16042,352256,5952458752,14,48,/input/data/work/f6/f3ae1fbfc69d9fd1c0514fc8bcc130,true,-
41,cpu09,a7/5d710e,nf-a75d710ef7d9c1792f58fa75a82efb15,NFCORE_SAREK:SAREK:FASTP,SRR11452471-6,NFCORE_SAREK:SAREK:FASTP (SRR11452471-6),COMPLETED,0,-,quay.io/biocontainers/fastp:0.23.2--h79da9fb_0,3,28800000,-,4294967296,1,1700932743060,1700932748000,1700933937000,1193940,534000,-,142.5,1.5,2011635712,2330132480,2011635712,2330136576,4815990208,4963831111,1348,13426,0,4963856384,16,63,/input/data/work/a7/5d710ef7d9c1792f58fa75a82efb15,true,-
78,cpu09,48/8eff97,nf-488eff97483438c74d2344f28b91cd51,NFCORE_SAREK:SAREK:FASTP,SRR11452489-6,NFCORE_SAREK:SAREK:FASTP (SRR11452489-6),COMPLETED,0,-,quay.io/biocontainers/fastp:0.23.2--h79da9fb_0,3,28800000,-,4294967296,1,1700932743357,1700932747000,1700933937000,1193643,748000,-,102.8,1.5,2029211648,2330132480,2029211648,2330136576,4732329167,4876608633,1329,13174,2764800,4876632064,34,53,/input/data/work/48/8eff97483438c74d2344f28b91cd51,true,-
28,cpu09,36/8ae606,nf-368ae6061aa1eeffa665ba211e3696e0,NFCORE_SAREK:SAREK:FASTP,SRR11452398-1,NFCORE_SAREK:SAREK:FASTP (SRR11452398-1),COMPLETED,0,-,quay.io/biocontainers/fastp:0.23.2--h79da9fb_0,3,28800000,-,4294967296,1,1700932743970,1700932747000,1700933937000,1193030,738000,-,110.7,1.5,2034855936,2330132480,2034855936,2330136576,5135186329,5284011455,1425,13978,372736,5284036608,12,46,/input/data/work/36/8ae6061aa1eeffa665ba211e3696e0,true,-
23,cpu09,7d/50e5bc,nf-7d50e5bc665f01f10dc249ad074488c4,NFCORE_SAREK:SAREK:FASTP,SRR11452396-3,NFCORE_SAREK:SAREK:FASTP (SRR11452396-3),COMPLETED,0,-,quay.io/biocontainers/fastp:0.23.2--h79da9fb_0,3,28800000,-,4294967296,1,1700932744121,1700932748000,1700933937000,1192879,950000,-,87.7,1.5,2003447808,2330132480,2003447808,2330136576,5073655401,5218979894,1409,13786,1536000,5219004416,13,48,/input/data/work/7d/50e5bc665f01f10dc249ad074488c4,true,-
27,cpu03,e7/51b5db,nf-e751b5db82e334f218b58836407ca0d8,NFCORE_SAREK:SAREK:FASTQC,SRR11452398-1,NFCORE_SAREK:SAREK:FASTQC (SRR11452398-1),COMPLETED,0,-,quay.io/biocontainers/fastqc:0.11.9--0,2,28800000,-,1610612736,1,1700932744271,1700932745000,1700933956000,1211729,1083000,-,49.9,0.2,293576704,3009908736,293576704,3009921024,5144273244,3584050,10018651,11214,0,6991872,7,4,/input/data/work/e7/51b5db82e334f218b58836407ca0d8,true,-
83,cpu08,f5/452232,nf-f54522323a5ca254b4b7737ee3305d22,NFCORE_SAREK:SAREK:FASTP,SRR11452492-3,NFCORE_SAREK:SAREK:FASTP (SRR11452492-3),COMPLETED,0,-,quay.io/biocontainers/fastp:0.23.2--h79da9fb_0,3,28800000,-,4294967296,1,1700932744850,1700932754000,1700933951000,1206150,977000,-,111.5,1.5,2039750656,2330132480,2039750656,2330136576,5964979109,6148671340,1622,16354,2777088,6148694016,16,66,/input/data/work/f5/4522323a5ca254b4b7737ee3305d22,true,-
65,cpu06,21/8f45a3,nf-218f45a3c80e8e522a085d3d05b20888,NFCORE_SAREK:SAREK:FASTQC,SRR11452483-6,NFCORE_SAREK:SAREK:FASTQC (SRR11452483-6),COMPLETED,0,-,quay.io/biocontainers/fastqc:0.11.9--0,2,28800000,-,1610612736,1,1700932744314,1700932747000,1700933961000,1216686,1197000,-,50.9,0.3,357752832,3089989632,357752832,3145183232,6088011081,3577276,11861994,11113,0,6533120,7,3,/input/data/work/21/8f45a3c80e8e522a085d3d05b20888,true,-
91,cpu06,23/8a5c62,nf-238a5c623e8b3c739c51b4a2147a078a,NFCORE_SAREK:SAREK:PREPARE_REFERENCE_CNVKIT:CNVKIT_REFERENCE,human_g1k_v37_decoy.fasta,NFCORE_SAREK:SAREK:PREPARE_REFERENCE_CNVKIT:CNVKIT_REFERENCE (human_g1k_v37_decoy.fasta),COMPLETED,0,-,quay.io/biocontainers/cnvkit:0.9.9--pyhdfd78af_0,1,14400000,-,1610612736,1,1700932768431,1700932769000,1700934003000,1234569,1229000,-,6.7,0.4,499679232,4988616704,892850176,5235875840,6484009569,129137,8505,123,69632,155648,370,14867,/input/data/work/23/8a5c623e8b3c739c51b4a2147a078a,true,-
74,cpu08,13/3ebceb,nf-133ebceba364447386d20a3c5cfb619b,NFCORE_SAREK:SAREK:FASTQC,SRR11452487-2,NFCORE_SAREK:SAREK:FASTQC (SRR11452487-2),COMPLETED,0,-,quay.io/biocontainers/fastqc:0.11.9--0,2,28800000,-,1610612736,1,1700932743001,1700932753000,1700934020000,1276999,1257000,-,49.6,0.3,363651072,3089989632,363823104,3145183232,5237987150,3586543,10201666,11125,0,6713344,7,6,/input/data/work/13/3ebceba364447386d20a3c5cfb619b,true,-
79,cpu08,6a/a50940,nf-6aa509401f0fdda9fba669ece6406f5a,NFCORE_SAREK:SAREK:FASTP,SRR11452490-5,NFCORE_SAREK:SAREK:FASTP (SRR11452490-5),COMPLETED,0,-,quay.io/biocontainers/fastp:0.23.2--h79da9fb_0,3,28800000,-,4294967296,1,1700932743201,1700932755000,1700934020000,1276799,1103000,-,102.9,1.5,2019905536,2330132480,2019905536,2397245440,6168641882,6360445199,1671,17034,2215936,6360473600,13,41,/input/data/work/6a/a509401f0fdda9fba669ece6406f5a,true,-
24,cpu08,0e/684c88,nf-0e684c8849fcebe41d9c4efbdbee994c,NFCORE_SAREK:SAREK:FASTQC,SRR11452396-3,NFCORE_SAREK:SAREK:FASTQC (SRR11452396-3),COMPLETED,0,-,quay.io/biocontainers/fastqc:0.11.9--0,2,28800000,-,1610612736,1,1700932744618,1700932754000,1700934020000,1275382,1110000,-,53.8,0.3,355217408,3089989632,358813696,3145183232,5082722213,3603881,9898590,11237,0,6397952,7,5,/input/data/work/0e/684c8849fcebe41d9c4efbdbee994c,true,-
38,cpu03,42/dd7b37,nf-42dd7b37069c2b73291224a9f07861f2,NFCORE_SAREK:SAREK:FASTQC,SRR11452403-2,NFCORE_SAREK:SAREK:FASTQC (SRR11452403-2),COMPLETED,0,-,quay.io/biocontainers/fastqc:0.11.9--0,2,28800000,-,1610612736,1,1700932743031,1700932744000,1700934028000,1284969,1086000,-,49.2,0.2,298971136,3009908736,298971136,3009921024,5107904324,3563008,9947835,11176,32768,6971392,8,4,/input/data/work/42/dd7b37069c2b73291224a9f07861f2,true,-
39,cpu02,0a/b071b7,nf-0ab071b7fe59b478eec29e91dc5410bb,NFCORE_SAREK:SAREK:FASTP,SRR11452404-1,NFCORE_SAREK:SAREK:FASTP (SRR11452404-1),COMPLETED,0,-,quay.io/biocontainers/fastp:0.23.2--h79da9fb_0,3,28800000,-,4294967296,1,1700932742966,1700932748000,1700934037000,1294034,1169000,-,91.0,1.5,2015059968,2330132480,2015059968,2397245440,6587850198,6788409961,1772,17971,3244032,6788440064,38,42,/input/data/work/0a/b071b7fe59b478eec29e91dc5410bb,true,-
68,cpu07,7e/883d71,nf-7e883d719234833d54e5c8e68bbf0e53,NFCORE_SAREK:SAREK:FASTP,SRR11452485-4,NFCORE_SAREK:SAREK:FASTP (SRR11452485-4),COMPLETED,0,-,quay.io/biocontainers/fastp:0.23.2--h79da9fb_0,3,28800000,-,4294967296,1,1700932743459,1700932746000,1700934047000,1303541,1144000,-,90.0,1.5,2042499072,2330132480,2042769408,2330136576,6107301470,6299382753,1656,17003,372736,6299414528,14,49,/input/data/work/7e/883d719234833d54e5c8e68bbf0e53,true,-
67,cpu07,12/57daad,nf-1257daad068eb9a9ff67e1da43926b5b,NFCORE_SAREK:SAREK:FASTP,SRR11452484-5,NFCORE_SAREK:SAREK:FASTP (SRR11452484-5),COMPLETED,0,-,quay.io/biocontainers/fastp:0.23.2--h79da9fb_0,3,28800000,-,4294967296,1,1700932743697,1700932746000,1700934047000,1303303,1111000,-,86.7,1.5,2022027264,2330132480,2022297600,2330136576,5678990489,5856506674,1553,15782,372736,5856538624,11,43,/input/data/work/12/57daad068eb9a9ff67e1da43926b5b,true,-
49,cpu03,18/b2a384,nf-18b2a384d4c1bd8b7e6bced363e1481d,NFCORE_SAREK:SAREK:FASTP,SRR11452474-3,NFCORE_SAREK:SAREK:FASTP (SRR11452474-3),COMPLETED,0,-,quay.io/biocontainers/fastp:0.23.2--h79da9fb_0,3,28800000,-,4294967296,1,1700932743797,1700932744000,1700934050000,1306203,1084000,-,96.1,1.5,2019778560,2330132480,2019778560,2330136576,6274413599,6469392271,1696,17263,671744,6469419008,20,39,/input/data/work/18/b2a384d4c1bd8b7e6bced363e1481d,true,-
44,cpu03,01/35d2db,nf-0135d2db0326433707d0e8b7beafd24b,NFCORE_SAREK:SAREK:FASTP,SRR11452472-5,NFCORE_SAREK:SAREK:FASTP (SRR11452472-5),COMPLETED,0,-,quay.io/biocontainers/fastp:0.23.2--h79da9fb_0,3,28800000,-,4294967296,1,1700932744435,1700932745000,1700934050000,1305565,1193000,-,88.7,1.5,2015715328,2330132480,2015715328,2397245440,6382477360,6581307819,1723,17627,372736,6581338112,12,54,/input/data/work/01/35d2db0326433707d0e8b7beafd24b,true,-
87,cpu03,4f/daf027,nf-4fdaf02719b43781f3266e5e084045cd,NFCORE_SAREK:SAREK:FASTQC,SRR11452494-1,NFCORE_SAREK:SAREK:FASTQC (SRR11452494-1),COMPLETED,0,-,quay.io/biocontainers/fastqc:0.11.9--0,2,28800000,-,1610612736,1,1700932744824,1700932745000,1700934050000,1305176,1292000,-,43.3,0.2,338030592,3089989632,352186368,3145183232,5361389611,3595648,10442787,11145,0,9314304,7,8,/input/data/work/4f/daf02719b43781f3266e5e084045cd,true,-
84,cpu07,80/8014f9,nf-808014f9904902d8e4566c0b2457432c,NFCORE_SAREK:SAREK:FASTQC,SRR11452492-3,NFCORE_SAREK:SAREK:FASTQC (SRR11452492-3),COMPLETED,0,-,quay.io/biocontainers/fastqc:0.11.9--0,2,28800000,-,1610612736,1,1700932744801,1700932745000,1700934087000,1342199,1339000,-,47.0,0.2,299917312,3009908736,299917312,3009921024,5974039084,3592205,11639399,11219,1224704,7512064,7,6,/input/data/work/80/8014f9904902d8e4566c0b2457432c,true,-
40,cpu08,51/d77ff2,nf-51d77ff20567f1d2b77f95d4967c5f5a,NFCORE_SAREK:SAREK:FASTQC,SRR11452404-1,NFCORE_SAREK:SAREK:FASTQC (SRR11452404-1),COMPLETED,0,-,quay.io/biocontainers/fastqc:0.11.9--0,2,28800000,-,1610612736,1,1700932743996,1700932753000,1700934092000,1348004,1338000,-,55.1,0.2,301076480,3009908736,301076480,3009921024,6596911949,3601517,12855982,11190,4096,6418432,7,14,/input/data/work/51/d77ff20567f1d2b77f95d4967c5f5a,true,-
76,cpu09,ca/b06e9c,nf-cab06e9cb8d45e549f989df46acac6df,NFCORE_SAREK:SAREK:FASTP,SRR11452488-1,NFCORE_SAREK:SAREK:FASTP (SRR11452488-1),COMPLETED,0,-,quay.io/biocontainers/fastp:0.23.2--h79da9fb_0,3,28800000,-,4294967296,1,1700932744412,1700932748000,1700934103000,1358588,1283000,-,81.2,1.5,2034110464,2330132480,2034110464,2330136576,6309168594,6505951867,1703,17386,2326528,6505979904,11,49,/input/data/work/ca/b06e9cb8d45e549f989df46acac6df,true,-
30,cpu09,70/d8cbda,nf-70d8cbda8707c981254c726b3a56d8fb,NFCORE_SAREK:SAREK:FASTQC,SRR11452399-6,NFCORE_SAREK:SAREK:FASTQC (SRR11452399-6),COMPLETED,0,-,quay.io/biocontainers/fastqc:0.11.9--0,2,28800000,-,1610612736,1,1700932743773,1700932747000,1700934127000,1383227,1376000,-,41.0,0.2,337178624,3089989632,337178624,3145183232,5386395524,3598891,10491757,11225,0,7331840,7,9,/input/data/work/70/d8cbda8707c981254c726b3a56d8fb,true,-
63,cpu02,3e/665e15,nf-3e665e158f00cfc7a2e28805e08a1aa4,NFCORE_SAREK:SAREK:FASTP,SRR11452482-1,NFCORE_SAREK:SAREK:FASTP (SRR11452482-1),COMPLETED,0,-,quay.io/biocontainers/fastp:0.23.2--h79da9fb_0,3,28800000,-,4294967296,1,1700932744070,1700932749000,1700934138000,1393930,1309000,-,86.9,1.5,2027360256,2330132480,2027360256,2330136576,6981692315,7202008941,1864,19199,389120,7202037760,9,59,/input/data/work/3e/665e158f00cfc7a2e28805e08a1aa4,true,-
43,cpu02,7c/937c38,nf-7c937c3825810f8dbf40af9f725462f3,NFCORE_SAREK:SAREK:FASTQC,SRR11452472-5,NFCORE_SAREK:SAREK:FASTQC (SRR11452472-5),COMPLETED,0,-,quay.io/biocontainers/fastqc:0.11.9--0,2,28800000,-,1610612736,1,1700932743485,1700932749000,1700934146000,1402515,1395000,-,47.3,0.3,342659072,3089989632,355823616,3116851200,6391540467,3596998,12454826,11228,0,7823360,7,5,/input/data/work/7c/937c3825810f8dbf40af9f725462f3,true,-
71,cpu02,35/6c09b7,nf-356c09b7e0b5f9cf10080d7b97a60913,NFCORE_SAREK:SAREK:FASTQC,SRR11452485-4,NFCORE_SAREK:SAREK:FASTQC (SRR11452485-4),COMPLETED,0,-,quay.io/biocontainers/fastqc:0.11.9--0,2,28800000,-,1610612736,1,1700932743868,1700932747000,1700934146000,1402132,1397000,-,45.4,0.3,342663168,3089989632,347508736,3147042816,6116355532,3567727,11917530,11135,0,7774208,7,4,/input/data/work/35/6c09b7e0b5f9cf10080d7b97a60913,true,-
80,cpu02,15/ce10fa,nf-15ce10fa1fdb98758d6c19b985945335,NFCORE_SAREK:SAREK:FASTQC,SRR11452490-5,NFCORE_SAREK:SAREK:FASTQC (SRR11452490-5),COMPLETED,0,-,quay.io/biocontainers/fastqc:0.11.9--0,2,28800000,-,1610612736,1,1700932744294,1700932749000,1700934148000,1403706,1396000,-,45.6,0.2,299728896,3009908736,299728896,3009921024,6177697699,3581168,12037236,11121,0,7884800,7,4,/input/data/work/15/ce10fa1fdb98758d6c19b985945335,true,-
60,cpu09,98/5b247c,nf-985b247cf13793bbf94b760721a6d380,NFCORE_SAREK:SAREK:FASTQC,SRR11452480-3,NFCORE_SAREK:SAREK:FASTQC (SRR11452480-3),COMPLETED,0,-,quay.io/biocontainers/fastqc:0.11.9--0,2,28800000,-,1610612736,1,1700932743604,1700932748000,1700934158000,1414396,1407000,-,48.5,0.3,343470080,3089989632,360370176,3116851200,6544951627,3562640,12754380,11183,0,7409664,7,5,/input/data/work/98/5b247cf13793bbf94b760721a6d380,true,-
64,cpu02,a5/7ad278,nf-a57ad278d68a5031b39ff9ea1b1a2c09,NFCORE_SAREK:SAREK:FASTQC,SRR11452482-1,NFCORE_SAREK:SAREK:FASTQC (SRR11452482-1),COMPLETED,0,-,quay.io/biocontainers/fastqc:0.11.9--0,2,28800000,-,1610612736,1,1700932743332,1700932748000,1700934328000,1584668,1577000,-,44.3,0.2,299540480,3009908736,299540480,3010416640,6990751247,3593194,13625123,11220,0,8089600,6,3,/input/data/work/a5/7ad278d68a5031b39ff9ea1b1a2c09,true,-
