task_id,hostname,hash,native_id,process,tag,name,status,exit,module,container,cpus,time,disk,memory,attempt,submit,start,complete,duration,realtime,queue,%cpu,%mem,rss,vmem,peak_rss,peak_vmem,rchar,wchar,syscr,syscw,read_bytes,write_bytes,vol_ctxt,inv_ctxt,workdir,scratch,error_action,create_bash_wrapper_time,create_request_time,submit_to_scheduler_time,submit_to_k8s_time
8,cpu01,96/83b3de,nf-9683b3de923d59dbf36bc2433c20aed3,writeLargeFile,8,writeLargeFile (8),COMPLETED,0,-,anonymized/test1:fio,10,-,-,10737418240,1,1699041884114,1699041884000,1699041952000,67886,1096,-,107.9,0.0,28258304,326897664,28258304,326934528,107981,1017120766,253,248338,0,1017118720,2,16,/input/data/work/96/83b3de923d59dbf36bc2433c20aed3,true,-,5,0,6,19
12,cpu01,40/967f40,nf-40967f4017d54044816a24042b87e0d5,writeLargeFile,12,writeLargeFile (12),COMPLETED,0,-,anonymized/test1:fio,10,-,-,10737418240,1,1699041884384,1699041885000,1699041954000,69616,1126,-,105.5,0.0,28467200,427593728,29630464,596017152,107970,1070598136,252,261394,0,1070596096,105,102,/input/data/work/40/967f4017d54044816a24042b87e0d5,true,-,6,1,6,23
4,cpu01,30/5b0af2,nf-305b0af252a9af5094bc94eeb3c89bd4,writeLargeFile,4,writeLargeFile (4),COMPLETED,0,-,anonymized/test1:fio,10,-,-,10737418240,1,1699041884638,1699041885000,1699041954000,69362,1083,-,109.8,0.0,28278784,326901760,28278784,326938624,107938,1012926424,252,247314,0,1012924416,2,7,/input/data/work/30/5b0af252a9af5094bc94eeb3c89bd4,true,-,5,1,4,19
30,cpu09,8b/639a87,nf-8b639a87f6076a493e6c90cc5521876b,writeLargeFile,30,writeLargeFile (30),COMPLETED,0,-,anonymized/test1:fio,10,-,-,10737418240,1,1699041883852,1699041885000,1699041964000,80148,1051,-,107.5,0.0,3371008,5857280,3371008,5894144,108117,912263117,254,222738,0,912261120,4,2,/input/data/work/8b/639a87f6076a493e6c90cc5521876b,true,-,25,8,35,64
11,cpu08,cb/26696d,nf-cb26696d165eba47391f1942b7d2bd2e,writeLargeFile,11,writeLargeFile (11),COMPLETED,0,-,anonymized/test1:fio,10,-,-,10737418240,1,1699041883900,1699041885000,1699041965000,81100,1058,-,109.7,0.0,3219456,5857280,3219456,5894144,108150,951060466,255,232210,0,951058432,101,19,/input/data/work/cb/26696d165eba47391f1942b7d2bd2e,true,-,6,2,5,32
3,cpu03,64/de63a2,nf-64de63a23b567dc460e8bf3c3e5696bd,writeLargeFile,3,writeLargeFile (3),COMPLETED,0,-,anonymized/test1:fio,10,-,-,10737418240,1,1699041883938,1699041891000,1699041966000,82062,1170,-,105.1,0.0,33075200,776908800,34246656,945332224,108803,984614950,254,240402,0,984612864,99,126,/input/data/work/64/de63a23b567dc460e8bf3c3e5696bd,true,-,4,1,6,26
26,cpu02,e3/567278,nf-e35672782617d21a670af0ddf8786595,writeLargeFile,26,writeLargeFile (26),COMPLETED,0,-,anonymized/test1:fio,10,-,-,10737418240,1,1699041883974,1699041891000,1699041965000,81026,1260,-,99.8,0.0,33357824,776900608,34476032,945324032,108742,1048578023,256,256018,0,1048576000,95,88,/input/data/work/e3/5672782617d21a670af0ddf8786595,true,-,5,1,6,23
5,cpu10,db/60f843,nf-db60f8437bbf4ca7d18a7f81fa3290af,writeLargeFile,5,writeLargeFile (5),COMPLETED,0,-,anonymized/test1:fio,10,-,-,10737418240,1,1699041884009,1699041896000,1699041966000,81991,1433,-,83.1,0.0,32935936,776900608,34054144,945324032,108671,908068831,254,221714,0,908066816,71,67,/input/data/work/db/60f8437bbf4ca7d18a7f81fa3290af,true,-,4,0,6,24
27,cpu06,4f/3adb97,nf-4f3adb979b01f24d9624114147b1e600,writeLargeFile,27,writeLargeFile (27),COMPLETED,0,-,anonymized/test1:fio,10,-,-,10737418240,1,1699041884047,1699041890000,1699041966000,81953,1222,-,90.9,0.0,33214464,776900608,34275328,945324032,108763,913311742,256,222994,0,913309696,113,99,/input/data/work/4f/3adb979b01f24d9624114147b1e600,true,-,7,1,5,24
23,cpu07,af/2fcde3,nf-af2fcde36daf24d0eb42770e0df8bfdb,writeLargeFile,23,writeLargeFile (23),COMPLETED,0,-,anonymized/test1:fio,10,-,-,10737418240,1,1699041884083,1699041886000,1699041964000,79917,1106,-,107.9,0.0,33034240,776900608,34189312,945324032,108744,1002440684,254,244754,73728,1002438656,133,114,/input/data/work/af/2fcde36daf24d0eb42770e0df8bfdb,true,-,5,1,5,23
28,cpu09,b0/19bce7,nf-b019bce70406db89a9f7ae8351902f4c,writeLargeFile,28,writeLargeFile (28),COMPLETED,0,-,anonymized/test1:fio,10,-,-,10737418240,1,1699041884147,1699041885000,1699041964000,79853,1059,-,109.6,0.0,27918336,422277120,29097984,590700544,108126,950011863,254,231954,0,950009856,94,23,/input/data/work/b0/19bce70406db89a9f7ae8351902f4c,true,-,5,0,5,22
29,cpu08,1f/6b0cc3,nf-1f6b0cc31cdbc0f1689a61828d6bca46,writeLargeFile,29,writeLargeFile (29),COMPLETED,0,-,anonymized/test1:fio,10,-,-,10737418240,1,1699041884180,1699041886000,1699041965000,80820,1102,-,101.4,0.0,33353728,776908800,34533376,945332224,108117,1018169304,254,248594,0,1018167296,115,99,/input/data/work/1f/6b0cc31cdbc0f1689a61828d6bca46,true,-,5,1,4,22
22,cpu03,c7/e0f15b,nf-c7e0f15b6bbec0598bf3473d5df0423f,writeLargeFile,22,writeLargeFile (22),COMPLETED,0,-,anonymized/test1:fio,10,-,-,10737418240,1,1699041884214,1699041892000,1699041966000,81786,1217,-,102.6,0.0,33148928,776908800,34230272,945332224,108776,1050675213,254,256530,0,1050673152,101,94,/input/data/work/c7/e0f15b6bbec0598bf3473d5df0423f,true,-,4,1,5,23
21,cpu02,3a/f069d9,nf-3af069d9c1b2da511da91a846637540f,writeLargeFile,21,writeLargeFile (21),COMPLETED,0,-,anonymized/test1:fio,10,-,-,10737418240,1,1699041884247,1699041890000,1699041965000,80753,1196,-,103.3,0.0,33054720,776908800,34209792,945332224,108710,967837646,254,236306,0,967835648,97,92,/input/data/work/3a/f069d9c1b2da511da91a846637540f,true,-,5,1,4,22
2,cpu10,cf/911abf,nf-cf911abf33e79b0eef97ef34a40b9c64,writeLargeFile,2,writeLargeFile (2),COMPLETED,0,-,anonymized/test1:fio,10,-,-,10737418240,1,1699041884279,1699041896000,1699041966000,81721,1486,-,77.5,0.0,33316864,776908800,34385920,945332224,108669,881854430,254,215314,0,881852416,61,58,/input/data/work/cf/911abf33e79b0eef97ef34a40b9c64,true,-,5,1,4,21
14,cpu06,9f/d3338a,nf-9fd3338acbcc5ded72a2b5b20cf0ac71,writeLargeFile,14,writeLargeFile (14),COMPLETED,0,-,anonymized/test1:fio,10,-,-,10737418240,1,1699041884313,1699041889000,1699041966000,81687,1308,-,91.0,0.0,33292288,776900608,34406400,945324032,108777,961546251,256,234770,0,961544192,114,101,/input/data/work/9f/d3338acbcc5ded72a2b5b20cf0ac71,true,-,4,1,5,23
16,cpu07,e0/794dfb,nf-e0794dfb175c6cb587d5ca2eab086f8f,writeLargeFile,16,writeLargeFile (16),COMPLETED,0,-,anonymized/test1:fio,10,-,-,10737418240,1,1699041884347,1699041886000,1699041964000,79653,1034,-,107.5,0.0,3350528,5857280,3350528,5894144,108731,887097310,254,216594,32768,887095296,4,4,/input/data/work/e0/794dfb175c6cb587d5ca2eab086f8f,true,-,4,1,5,23
6,cpu09,33/a433c0,nf-33a433c051dc30d3dd8531397f4f16a3,writeLargeFile,6,writeLargeFile (6),COMPLETED,0,-,anonymized/test1:fio,10,-,-,10737418240,1,1699041884416,1699041885000,1699041964000,79584,1095,-,106.4,0.0,27996160,326901760,28839936,590700544,108122,1058015184,255,258322,0,1058013184,101,20,/input/data/work/33/a433c051dc30d3dd8531397f4f16a3,true,-,5,1,5,20
20,cpu08,95/88c622,nf-9588c62218350b4f3592ac4227725ee3,writeLargeFile,20,writeLargeFile (20),COMPLETED,0,-,anonymized/test1:fio,10,-,-,10737418240,1,1699041884448,1699041886000,1699041965000,80552,1081,-,110.8,0.0,28225536,326897664,28225536,326934528,108140,956303341,254,233490,0,956301312,5,5,/input/data/work/95/88c62218350b4f3592ac4227725ee3,true,-,5,1,5,20
25,cpu03,18/c1e684,nf-18c1e684a70de3073da78cb84aaf6262,writeLargeFile,25,writeLargeFile (25),COMPLETED,0,-,anonymized/test1:fio,10,-,-,10737418240,1,1699041884479,1699041892000,1699041966000,81521,1188,-,98.7,0.0,33628160,776900608,34693120,945324032,108748,1001392108,255,244498,0,1001390080,91,84,/input/data/work/18/c1e684a70de3073da78cb84aaf6262,true,-,5,1,3,20
10,cpu02,73/a39272,nf-73a39272de669421f615c7db4c131d63,writeLargeFile,10,writeLargeFile (10),COMPLETED,0,-,anonymized/test1:fio,10,-,-,10737418240,1,1699041884512,1699041891000,1699041965000,80488,1409,-,99.3,0.0,33251328,776908800,34406400,945332224,108814,1021315120,256,249362,0,1021313024,90,132,/input/data/work/73/a39272de669421f615c7db4c131d63,true,-,4,1,4,23
1,cpu10,e6/ddca98,nf-e6ddca98513f022ad6175b98d4c24855,writeLargeFile,1,writeLargeFile (1),COMPLETED,0,-,anonymized/test1:fio,10,-,-,10737418240,1,1699041884544,1699041897000,1699041966000,81456,1464,-,88.9,0.0,33271808,776900608,34451456,945324032,108694,1056966640,256,258066,0,1056964608,80,75,/input/data/work/e6/ddca98513f022ad6175b98d4c24855,true,-,5,0,5,21
24,cpu06,3f/cd67de,nf-3fcd67dea21d448b9e4c84a05039e505,writeLargeFile,24,writeLargeFile (24),COMPLETED,0,-,anonymized/test1:fio,10,-,-,10737418240,1,1699041884573,1699041889000,1699041966000,81427,1392,-,98.0,0.0,33452032,776900608,34504704,945324032,108854,1059063893,258,258578,0,1059061760,115,101,/input/data/work/3f/cd67dea21d448b9e4c84a05039e505,true,-,5,1,4,18
31,cpu07,63/02416a,nf-6302416a52ebb8a3aad9e1684c277d53,writeLargeFile,31,writeLargeFile (31),COMPLETED,0,-,anonymized/test1:fio,10,-,-,10737418240,1,1699041884608,1699041886000,1699041964000,79392,1075,-,108.1,0.0,28086272,326901760,28086272,326938624,108744,969934827,254,236818,28672,969932800,5,5,/input/data/work/63/02416a52ebb8a3aad9e1684c277d53,true,-,5,0,5,24
17,cpu09,6c/88cc51,nf-6c88cc517138ccd3b93ae6994f967367,writeLargeFile,17,writeLargeFile (17),COMPLETED,0,-,anonymized/test1:fio,10,-,-,10737418240,1,1699041884769,1699041966000,1699042039000,154231,1107,-,110.7,0.0,27779072,422277120,28626944,590700544,108127,1017120727,254,248338,0,1017118720,98,18,/input/data/work/6c/88cc517138ccd3b93ae6994f967367,true,-,4,1,5,22
13,cpu09,97/12d4f2,nf-9712d4f2f89043ce2d79ed1f6f09436c,writeLargeFile,13,writeLargeFile (13),COMPLETED,0,-,anonymized/test1:fio,10,-,-,10737418240,1,1699041884802,1699041966000,1699042039000,154198,1083,-,110.3,0.0,28282880,326897664,28282880,326934528,108125,990906326,254,241938,0,990904320,4,7,/input/data/work/97/12d4f2f89043ce2d79ed1f6f09436c,true,-,4,0,6,21
18,cpu09,fc/548b1e,nf-fc548b1e64a849e47632b499a937c083,writeLargeFile,18,writeLargeFile (18),COMPLETED,0,-,anonymized/test1:fio,10,-,-,10737418240,1,1699041884834,1699041966000,1699042039000,154166,1062,-,110.6,0.0,28102656,326897664,28102656,326934528,108128,973080535,254,237586,0,973078528,4,5,/input/data/work/fc/548b1e64a849e47632b499a937c083,true,-,7,0,5,19
42,cpu03,ed/31195e,nf-ed31195ed3f1467f2a10dbe6165af98c,writeLargeFile,42,writeLargeFile (42),COMPLETED,0,-,anonymized/test1:fio,10,-,-,10737418240,1,1699041885216,1699041969000,1699042040000,154784,1011,-,112.1,0.0,27926528,326897664,27926528,326934528,108730,869271518,254,212242,0,869269504,4,4,/input/data/work/ed/31195ed3f1467f2a10dbe6165af98c,true,-,4,1,4,18
44,cpu03,26/b05da8,nf-26b05da888519ee898ba5797b9d4101b,writeLargeFile,44,writeLargeFile (44),COMPLETED,0,-,anonymized/test1:fio,10,-,-,10737418240,1,1699041885277,1699041969000,1699042040000,154723,1112,-,106.4,0.0,28303360,422273024,29048832,590696448,108702,1026557891,254,250642,0,1026555904,103,18,/input/data/work/26/b05da888519ee898ba5797b9d4101b,true,-,4,1,4,20
45,cpu03,04/38afdc,nf-0438afdc72f9885585895fa15fe80ec5,writeLargeFile,45,writeLargeFile (45),COMPLETED,0,-,anonymized/test1:fio,10,-,-,10737418240,1,1699041885310,1699041968000,1699042040000,154690,1086,-,102.0,0.0,27967488,326901760,27967488,326938624,108800,997197854,255,243474,0,997195776,4,6,/input/data/work/04/38afdc72f9885585895fa15fe80ec5,true,-,5,0,5,21
46,cpu10,10/07e982,nf-1007e982f33028cc5458c693e5d0102d,writeLargeFile,46,writeLargeFile (46),COMPLETED,0,-,anonymized/test1:fio,10,-,-,10737418240,1,1699041885339,1699041969000,1699042040000,154661,1179,-,106.8,0.0,33091584,776900608,34226176,945324032,108669,1039140830,254,253714,0,1039138816,100,99,/input/data/work/10/07e982f33028cc5458c693e5d0102d,true,-,6,1,4,17
47,cpu10,3e/0d4df0,nf-3e0d4df0a4d1e4107d165bb84b0ec784,writeLargeFile,47,writeLargeFile (47),COMPLETED,0,-,anonymized/test1:fio,10,-,-,10737418240,1,1699041885369,1699041969000,1699042040000,154631,1166,-,96.0,0.0,33087488,776900608,34197504,945324032,108667,1015023581,254,247826,0,1015021568,99,98,/input/data/work/3e/0d4df0a4d1e4107d165bb84b0ec784,true,-,5,0,4,20
49,cpu10,2c/911b71,nf-2c911b71753d68369e3a099f28305e02,writeLargeFile,49,writeLargeFile (49),COMPLETED,0,-,anonymized/test1:fio,10,-,-,10737418240,1,1699041885398,1699041969000,1699042040000,154602,1127,-,107.9,0.0,27791360,422277120,28491776,590700544,108708,997197829,254,243474,0,997195776,106,18,/input/data/work/2c/911b71753d68369e3a099f28305e02,true,-,7,1,4,15
15,cpu07,55/3df6ca,nf-553df6ca1c5366500e33f516c813fed3,writeLargeFile,15,writeLargeFile (15),COMPLETED,0,-,anonymized/test1:fio,10,-,-,10737418240,1,1699041884868,1699041967000,1699042041000,156132,1039,-,102.1,0.0,28315648,326897664,28315648,326934528,108794,871368734,254,212754,36864,871366656,4,5,/input/data/work/55/3df6ca1c5366500e33f516c813fed3,true,-,5,0,5,22
32,cpu07,d2/f33a4e,nf-d2f33a4ea2a5615f1304e1ecb9287cf5,writeLargeFile,32,writeLargeFile (32),COMPLETED,0,-,anonymized/test1:fio,10,-,-,10737418240,1,1699041884906,1699041968000,1699042041000,156094,1153,-,106.6,0.0,33443840,776900608,34504704,945324032,108760,1069549565,254,261138,32768,1069547520,165,112,/input/data/work/d2/f33a4ea2a5615f1304e1ecb9287cf5,true,-,8,2,6,22
33,cpu07,6b/83d7b7,nf-6b83d7b7fa358d3df029dc028770f93c,writeLargeFile,33,writeLargeFile (33),COMPLETED,0,-,anonymized/test1:fio,10,-,-,10737418240,1,1699041884935,1699041967000,1699042041000,156065,1076,-,107.9,0.0,28270592,326901760,28270592,326938624,108788,887097362,255,216594,32768,887095296,4,8,/input/data/work/6b/83d7b7fa358d3df029dc028770f93c,true,-,5,1,5,17
34,cpu02,b9/d0aa4f,nf-b9d0aa4f0cf0428f79b418fd95ae5bef,writeLargeFile,34,writeLargeFile (34),COMPLETED,0,-,anonymized/test1:fio,10,-,-,10737418240,1,1699041884970,1699041968000,1699042041000,156030,1125,-,109.5,0.0,28020736,422277120,28811264,590700544,108756,991954939,254,242194,0,991952896,103,19,/input/data/work/b9/d0aa4f0cf0428f79b418fd95ae5bef,true,-,6,1,4,22
36,cpu02,c9/87e3d1,nf-c987e3d16546d9fe26b3aad04128de87,writeLargeFile,36,writeLargeFile (36),COMPLETED,0,-,anonymized/test1:fio,10,-,-,10737418240,1,1699041885000,1699041968000,1699042041000,156000,1500,-,83.0,0.0,33394688,776900608,34504704,945324032,108746,1024460779,255,250130,0,1024458752,65,61,/input/data/work/c9/87e3d16546d9fe26b3aad04128de87,true,-,5,1,3,20
35,cpu02,01/cf4d18,nf-01cf4d18ac1837f45b406d42c23b36d6,writeLargeFile,35,writeLargeFile (35),COMPLETED,0,-,anonymized/test1:fio,10,-,-,10737418240,1,1699041885035,1699041968000,1699042041000,155965,1046,-,107.1,0.0,27709440,326897664,27709440,326934528,108730,931137505,254,227346,0,931135488,4,6,/input/data/work/01/cf4d18ac1837f45b406d42c23b36d6,true,-,6,1,5,21
37,cpu08,13/bd2cb9,nf-13bd2cb9cea4f5a768fc4b5199314e15,writeLargeFile,37,writeLargeFile (37),COMPLETED,0,-,anonymized/test1:fio,10,-,-,10737418240,1,1699041885068,1699041968000,1699042041000,155932,1048,-,108.7,0.0,28311552,326901760,28311552,326938624,108119,968886230,254,236562,0,968884224,5,6,/input/data/work/13/bd2cb9cea4f5a768fc4b5199314e15,true,-,5,1,4,22
38,cpu08,e1/f95eb6,nf-e1f95eb667749dbfb7a6c6ac6ed631e2,writeLargeFile,38,writeLargeFile (38),COMPLETED,0,-,anonymized/test1:fio,10,-,-,10737418240,1,1699041885100,1699041968000,1699042041000,155900,1047,-,107.2,0.0,28241920,326901760,28241920,326938624,108169,954206218,254,232978,0,954204160,4,5,/input/data/work/e1/f95eb667749dbfb7a6c6ac6ed631e2,true,-,6,0,5,20
39,cpu08,6a/29f109,nf-6a29f109a1faca1e01548449ea9d24a8,writeLargeFile,39,writeLargeFile (39),COMPLETED,0,-,anonymized/test1:fio,10,-,-,10737418240,1,1699041885127,1699041968000,1699042041000,155873,1051,-,105.7,0.0,3411968,5857280,3411968,5894144,108118,988809174,254,241426,0,988807168,3,1,/input/data/work/6a/29f109a1faca1e01548449ea9d24a8,true,-,4,1,4,17
40,cpu06,24/df8cf8,nf-24df8cf8a00bc00bd18f0f72d4251f2a,writeLargeFile,40,writeLargeFile (40),COMPLETED,0,-,anonymized/test1:fio,10,-,-,10737418240,1,1699041885157,1699041968000,1699042040000,154843,1123,-,110.1,0.0,28061696,422273024,28983296,590696448,108718,980420568,254,239378,0,980418560,102,23,/input/data/work/24/df8cf8a00bc00bd18f0f72d4251f2a,true,-,5,0,5,19
41,cpu06,3d/6b567c,nf-3d6b567cea0cbc2a8d1865e2ab6d01ed,writeLargeFile,41,writeLargeFile (41),COMPLETED,0,-,anonymized/test1:fio,10,-,-,10737418240,1,1699041885187,1699041969000,1699042040000,154813,1070,-,110.6,0.0,28016640,326897664,28016640,326934528,108723,888145885,254,216850,0,888143872,4,7,/input/data/work/3d/6b567cea0cbc2a8d1865e2ab6d01ed,true,-,4,1,4,20
43,cpu06,23/ecb999,nf-23ecb999a59f4755928ed5faf5134b19,writeLargeFile,43,writeLargeFile (43),COMPLETED,0,-,anonymized/test1:fio,10,-,-,10737418240,1,1699041885247,1699041968000,1699042040000,154753,1032,-,109.1,0.0,28332032,326897664,28332032,326934528,108732,865077217,255,211218,0,865075200,4,7,/input/data/work/23/ecb999a59f4755928ed5faf5134b19,true,-,5,1,3,20
9,cpu01,2c/8ebf56,nf-2c8ebf56ba84a8943c1b5ad59d7560ea,writeLargeFile,9,writeLargeFile (9),COMPLETED,0,-,anonymized/test1:fio,10,-,-,10737418240,1,1699041884673,1699041955000,1699042042000,157327,867,-,113.4,0.0,28409856,326901760,28409856,326938624,107916,875562954,250,213778,0,875560960,3,6,/input/data/work/2c/8ebf56ba84a8943c1b5ad59d7560ea,true,-,5,0,5,24
19,cpu01,42/c22085,nf-42c22085517df41584d40e832893cd30,writeLargeFile,19,writeLargeFile (19),COMPLETED,0,-,anonymized/test1:fio,10,-,-,10737418240,1,1699041884703,1699041959000,1699042042000,157297,1052,-,107.5,0.0,28307456,326897664,28307456,326934528,107925,994052042,252,242706,0,994050048,3,6,/input/data/work/42/c22085517df41584d40e832893cd30,true,-,5,1,3,20
7,cpu01,89/0b826b,nf-890b826b644771f52b0c7ba50f448a28,writeLargeFile,7,writeLargeFile (7),COMPLETED,0,-,anonymized/test1:fio,10,-,-,10737418240,1,1699041884736,1699041959000,1699042042000,157264,981,-,110.3,0.0,28364800,326897664,28364800,326934528,107935,877660116,252,214290,0,877658112,3,6,/input/data/work/89/0b826b644771f52b0c7ba50f448a28,true,-,5,0,4,22
48,cpu09,53/890bd6,nf-53890bd605fe0709a57e33fdd0a95fd7,writeLargeFile,48,writeLargeFile (48),COMPLETED,0,-,anonymized/test1:fio,10,-,-,10737418240,1,1699041885428,1699042042000,1699042119000,233572,1005,-,108.4,0.0,28348416,326901760,28348416,326938624,108127,881854423,254,215314,0,881852416,4,6,/input/data/work/53/890bd605fe0709a57e33fdd0a95fd7,true,-,4,1,3,22
50,cpu09,9b/0ad0af,nf-9b0ad0af472a42c609f289ec6154ccca,writeLargeFile,50,writeLargeFile (50),COMPLETED,0,-,anonymized/test1:fio,10,-,-,10737418240,1,1699041885464,1699042042000,1699042119000,233536,1041,-,110.9,0.0,3371008,5857280,3371008,5894144,108132,1003489241,255,245010,0,1003487232,3,0,/input/data/work/9b/0ad0af472a42c609f289ec6154ccca,true,-,5,1,5,24
52,cpu09,3e/051f3d,nf-3e051f3d7b67b170f38dde038e22ae30,writeLargeFile,52,writeLargeFile (52),COMPLETED,0,-,anonymized/test1:fio,10,-,-,10737418240,1,1699041885491,1699042042000,1699042119000,233509,1033,-,100.7,0.0,3317760,5857280,3317760,5894144,108149,888145901,254,216850,0,888143872,2,2,/input/data/work/3e/051f3d7b67b170f38dde038e22ae30,true,-,4,1,4,17
51,cpu03,f4/8adebd,nf-f48adebda37a88d5269fb47b73bf95a1,writeLargeFile,51,writeLargeFile (51),COMPLETED,0,-,anonymized/test1:fio,10,-,-,10737418240,1,1699041885516,1699042043000,1699042120000,234484,1059,-,105.9,0.0,28450816,326897664,28450816,326934528,108744,876611563,254,214034,0,876609536,4,6,/input/data/work/f4/8adebda37a88d5269fb47b73bf95a1,true,-,4,0,4,16
53,cpu03,15/39db56,nf-1539db5608c05711f72c8351abec5bf8,writeLargeFile,53,writeLargeFile (53),COMPLETED,0,-,anonymized/test1:fio,10,-,-,10737418240,1,1699041885547,1699042043000,1699042120000,234453,1065,-,110.0,0.0,28090368,326897664,28090368,326934528,108744,963643371,254,235282,0,963641344,4,7,/input/data/work/15/39db5608c05711f72c8351abec5bf8,true,-,5,1,3,21
54,cpu03,20/71175c,nf-2071175cb9e86abbd8a62590fdea0269,writeLargeFile,54,writeLargeFile (54),COMPLETED,0,-,anonymized/test1:fio,10,-,-,10737418240,1,1699041885575,1699042043000,1699042120000,234425,1173,-,101.9,0.0,28119040,422273024,28979200,590696448,108758,1032849402,254,252178,0,1032847360,101,101,/input/data/work/20/71175cb9e86abbd8a62590fdea0269,true,-,5,1,4,17
55,cpu10,f0/192267,nf-f01922676d6c580ddacbac4225ec925a,writeLargeFile,55,writeLargeFile (55),COMPLETED,0,-,anonymized/test1:fio,10,-,-,10737418240,1,1699041885607,1699042043000,1699042120000,234393,1205,-,101.3,0.0,33071104,776900608,34250752,945324032,108683,1049626598,256,256274,0,1049624576,105,106,/input/data/work/f0/1922676d6c580ddacbac4225ec925a,true,-,5,0,3,23
56,cpu10,c3/9df409,nf-c39df409ffa670ca242a12c5a5d53189,writeLargeFile,56,writeLargeFile (56),COMPLETED,0,-,anonymized/test1:fio,10,-,-,10737418240,1,1699041885634,1699042043000,1699042120000,234366,1114,-,105.8,0.0,27570176,422273024,28299264,590696448,108673,958400480,254,234002,0,958398464,101,22,/input/data/work/c3/9df409ffa670ca242a12c5a5d53189,true,-,5,0,4,17
57,cpu02,cd/86c47b,nf-cd86c47bfde79ec28be3c7bc4f6566c5,writeLargeFile,57,writeLargeFile (57),COMPLETED,0,-,anonymized/test1:fio,10,-,-,10737418240,1,1699041885667,1699042043000,1699042119000,233333,1101,-,109.7,0.0,28651520,326901760,28651520,326938624,108770,1013975050,254,247570,0,1013972992,100,18,/input/data/work/cd/86c47bfde79ec28be3c7bc4f6566c5,true,-,5,0,4,23
58,cpu10,44/4774c6,nf-444774c6c06e4d0ab3e1f491ff92be4b,writeLargeFile,58,writeLargeFile (58),COMPLETED,0,-,anonymized/test1:fio,10,-,-,10737418240,1,1699041885695,1699042043000,1699042120000,234305,1231,-,107.4,0.0,33030144,776908800,34082816,945332224,108694,1063258096,256,259602,0,1063256064,105,94,/input/data/work/44/4774c6c06e4d0ab3e1f491ff92be4b,true,-,4,1,3,19
59,cpu02,99/a0b3ac,nf-99a0b3ac318a8060a68395e1340e5423,writeLargeFile,59,writeLargeFile (59),COMPLETED,0,-,anonymized/test1:fio,10,-,-,10737418240,1,1699041885724,1699042043000,1699042119000,233276,1156,-,105.9,0.0,28065792,422273024,28913664,590696448,108725,977274839,255,238610,0,977272832,101,20,/input/data/work/99/a0b3ac318a8060a68395e1340e5423,true,-,5,1,3,19
60,cpu08,63/eba303,nf-63eba3036714ef75111ef1be19eb6b14,writeLargeFile,60,writeLargeFile (60),COMPLETED,0,-,anonymized/test1:fio,10,-,-,10737418240,1,1699041885752,1699042043000,1699042120000,234248,977,-,108.1,0.0,28082176,326897664,28082176,326934528,108120,865077207,254,211218,0,865075200,4,6,/input/data/work/63/eba3036714ef75111ef1be19eb6b14,true,-,4,1,3,19
61,cpu02,58/0efcfa,nf-580efcfa3afc99de0cdd549514a6e2ab,writeLargeFile,61,writeLargeFile (61),COMPLETED,0,-,anonymized/test1:fio,10,-,-,10737418240,1,1699041885782,1699042043000,1699042119000,233218,1126,-,109.6,0.0,28364800,326897664,28364800,326934528,108744,982517738,255,239890,0,982515712,4,13,/input/data/work/58/0efcfa3afc99de0cdd549514a6e2ab,true,-,5,1,3,19
62,cpu08,78/661f60,nf-78661f6028fec1446fdca97a0e5b68f4,writeLargeFile,62,writeLargeFile (62),COMPLETED,0,-,anonymized/test1:fio,10,-,-,10737418240,1,1699041885811,1699042043000,1699042120000,234189,1026,-,107.5,0.0,28061696,326897664,28061696,326934528,108130,889194465,254,217106,0,889192448,4,8,/input/data/work/78/661f6028fec1446fdca97a0e5b68f4,true,-,5,1,3,20
63,cpu08,b6/d075ba,nf-b6d075ba3147093be414898f04d746a6,writeLargeFile,63,writeLargeFile (63),COMPLETED,0,-,anonymized/test1:fio,10,-,-,10737418240,1,1699041885837,1699042043000,1699042120000,234163,1056,-,110.1,0.0,28360704,326901760,28360704,326938624,108123,996149206,255,243218,0,996147200,5,8,/input/data/work/b6/d075ba3147093be414898f04d746a6,true,-,6,1,3,15
64,cpu06,d2/bb8de4,nf-d2bb8de460ff954db4ead68538e11109,writeLargeFile,64,writeLargeFile (64),COMPLETED,0,-,anonymized/test1:fio,10,-,-,10737418240,1,1699041885870,1699042044000,1699042120000,234130,1252,-,99.7,0.0,32792576,776900608,33972224,945324032,108735,995100650,254,242962,0,995098624,112,98,/input/data/work/d2/bb8de460ff954db4ead68538e11109,true,-,5,1,4,22
65,cpu06,2f/72691f,nf-2f72691f340bc306b9980294b46b586e,writeLargeFile,65,writeLargeFile (65),COMPLETED,0,-,anonymized/test1:fio,10,-,-,10737418240,1,1699041885903,1699042044000,1699042120000,234097,1064,-,107.9,0.0,28753920,326901760,28753920,326938624,108764,878708742,254,214546,0,878706688,4,7,/input/data/work/2f/72691f340bc306b9980294b46b586e,true,-,6,1,3,21
66,cpu07,be/58de9e,nf-be58de9e21edb2d4edcca1d998464de4,writeLargeFile,66,writeLargeFile (66),COMPLETED,0,-,anonymized/test1:fio,10,-,-,10737418240,1,1699041885933,1699042044000,1699042120000,234067,1123,-,108.2,0.0,33304576,776900608,34484224,945324032,108744,967837675,254,236306,32768,967835648,128,108,/input/data/work/be/58de9e21edb2d4edcca1d998464de4,true,-,5,1,3,20
67,cpu06,22/8d1d18,nf-228d1d18deee380ce258753c513c29d7,writeLargeFile,67,writeLargeFile (67),COMPLETED,0,-,anonymized/test1:fio,10,-,-,10737418240,1,1699041885964,1699042044000,1699042120000,234036,1126,-,108.2,0.0,28401664,422273024,29106176,590696448,108766,973080584,254,237586,0,973078528,103,20,/input/data/work/22/8d1d18deee380ce258753c513c29d7,true,-,5,1,3,21
68,cpu07,72/0af284,nf-720af28458002eabac4cc114ecfee5e9,writeLargeFile,68,writeLargeFile (68),COMPLETED,0,-,anonymized/test1:fio,10,-,-,10737418240,1,1699041885992,1699042044000,1699042120000,234008,1057,-,108.9,0.0,28434432,326901760,28434432,326938624,108743,901777386,254,220178,32768,901775360,4,7,/input/data/work/72/0af28458002eabac4cc114ecfee5e9,true,-,5,0,4,18
69,cpu07,d2/6ab20c,nf-d26ab20cfd769ea623dba665b1ec1f31,writeLargeFile,69,writeLargeFile (69),COMPLETED,0,-,anonymized/test1:fio,10,-,-,10737418240,1,1699041886021,1699042044000,1699042120000,233979,1171,-,106.4,0.0,33247232,776908800,34353152,945332224,108750,1062209523,254,259346,32768,1062207488,135,109,/input/data/work/d2/6ab20cfd769ea623dba665b1ec1f31,true,-,4,1,3,20
71,cpu01,26/ac5f98,nf-26ac5f98b808f3c8cc4cca64a66ed8fc,writeLargeFile,71,writeLargeFile (71),COMPLETED,0,-,anonymized/test1:fio,10,-,-,10737418240,1,1699041886047,1699042045000,1699042122000,235953,1012,-,111.4,0.0,27820032,326897664,27820032,326934528,107951,1047529445,252,255762,0,1047527424,3,7,/input/data/work/26/ac5f98b808f3c8cc4cca64a66ed8fc,true,-,5,0,3,17
97,cpu01,31/f63191,nf-31f631911782118605892e3f53061761,writeLargeFile,97,writeLargeFile (97),COMPLETED,0,-,anonymized/test1:fio,10,-,-,10737418240,1,1699041886073,1699042046000,1699042122000,235927,978,-,111.0,0.0,28258304,326905856,28258304,326942720,107936,922748886,252,225298,0,922746880,3,6,/input/data/work/31/f631911782118605892e3f53061761,true,-,5,0,3,17
70,cpu01,3a/f82f99,nf-3af82f99e854453a5bfb06eb6aa6f02a,writeLargeFile,70,writeLargeFile (70),COMPLETED,0,-,anonymized/test1:fio,10,-,-,10737418240,1,1699041886101,1699042046000,1699042122000,235899,910,-,108.7,0.0,27688960,326897664,27688960,326934528,107916,898631626,250,219410,0,898629632,3,7,/input/data/work/3a/f82f99e854453a5bfb06eb6aa6f02a,true,-,5,0,5,17
74,cpu09,85/0209cf,nf-850209cf3a25eaf51e68249016717970,writeLargeFile,74,writeLargeFile (74),COMPLETED,0,-,anonymized/test1:fio,10,-,-,10737418240,1,1699041886220,1699042123000,1699042195000,308780,1144,-,105.2,0.0,33382400,776908800,34529280,945332224,108129,1043335129,254,254738,0,1043333120,108,100,/input/data/work/85/0209cf3a25eaf51e68249016717970,true,-,4,1,4,18
76,cpu09,b4/883997,nf-b4883997494f987a928013ad81e91dfc,writeLargeFile,76,writeLargeFile (76),COMPLETED,0,-,anonymized/test1:fio,10,-,-,10737418240,1,1699041886251,1699042123000,1699042195000,308749,1015,-,100.7,0.0,28426240,326901760,28426240,326938624,108128,872417239,254,213010,0,872415232,4,6,/input/data/work/b4/883997494f987a928013ad81e91dfc,true,-,6,1,5,18
77,cpu09,b3/565b20,nf-b3565b208b65f7217b1b1e8c7297baaa,writeLargeFile,77,writeLargeFile (77),COMPLETED,0,-,anonymized/test1:fio,10,-,-,10737418240,1,1699041886278,1699042123000,1699042195000,308722,1021,-,112.0,0.0,27983872,326901760,27992064,326938624,108128,908068823,254,221714,0,908066816,4,8,/input/data/work/b3/565b208b65f7217b1b1e8c7297baaa,true,-,5,0,4,17
87,cpu10,7a/f4e304,nf-7af4e3047eb52c851a7f137d53337419,writeLargeFile,87,writeLargeFile (87),COMPLETED,0,-,anonymized/test1:fio,10,-,-,10737418240,1,1699041886587,1699042124000,1699042197000,310413,1141,-,103.0,0.0,28110848,422273024,28839936,590696448,108681,1044383723,254,254994,0,1044381696,111,106,/input/data/work/7a/f4e3047eb52c851a7f137d53337419,true,-,5,1,3,24
88,cpu10,b5/363b31,nf-b5363b3157215c148cf6517e706e4ce3,writeLargeFile,88,writeLargeFile (88),COMPLETED,0,-,anonymized/test1:fio,10,-,-,10737418240,1,1699041886614,1699042123000,1699042197000,310386,1095,-,106.7,0.0,28254208,326901760,28254208,326938624,108669,979371997,254,239122,0,979369984,4,4,/input/data/work/b5/363b3157215c148cf6517e706e4ce3,true,-,4,0,4,18
89,cpu10,bd/80f797,nf-bd80f797b6013f492c1135ec0f5c8efa,writeLargeFile,89,writeLargeFile (89),COMPLETED,0,-,anonymized/test1:fio,10,-,-,10737418240,1,1699041886640,1699042124000,1699042197000,310360,1036,-,109.7,0.0,27590656,326897664,27590656,326934528,108681,887097321,254,216594,0,887095296,4,6,/input/data/work/bd/80f797b6013f492c1135ec0f5c8efa,true,-,5,1,3,16
73,cpu02,15/5843c5,nf-155843c592cfa081a332d5731780740f,writeLargeFile,73,writeLargeFile (73),COMPLETED,0,-,anonymized/test1:fio,10,-,-,10737418240,1,1699041886131,1699042122000,1699042199000,312869,1123,-,110.0,0.0,28360704,422273024,29093888,590696448,108741,997197803,254,243474,0,997195776,100,22,/input/data/work/15/5843c592cfa081a332d5731780740f,true,-,5,1,3,20
72,cpu02,cc/e51b9d,nf-cce51b9d062c67820f3fb8dde9d78ba8,writeLargeFile,72,writeLargeFile (72),COMPLETED,0,-,anonymized/test1:fio,10,-,-,10737418240,1,1699041886161,1699042123000,1699042199000,312839,1040,-,107.9,0.0,28549120,326901760,28549120,326938624,108721,873465815,254,213266,0,873463808,4,7,/input/data/work/cc/e51b9d062c67820f3fb8dde9d78ba8,true,-,5,1,4,19
75,cpu02,cc/755a4c,nf-cc755a4cd4ce3de9c44df719f9588ffc,writeLargeFile,75,writeLargeFile (75),COMPLETED,0,-,anonymized/test1:fio,10,-,-,10737418240,1,1699041886192,1699042122000,1699042199000,312808,1041,-,103.8,0.0,27934720,326897664,27934720,326934528,108736,875562977,255,213778,0,875560960,4,6,/input/data/work/cc/755a4cd4ce3de9c44df719f9588ffc,true,-,5,1,3,20
82,cpu07,ce/f714c0,nf-cef714c000196834448dd54cd9224b2e,writeLargeFile,82,writeLargeFile (82),COMPLETED,0,-,anonymized/test1:fio,10,-,-,10737418240,1,1699041886394,1699042123000,1699042199000,312606,1088,-,108.7,0.0,28073984,326897664,28073984,326934528,108742,932186090,254,227602,32768,932184064,4,8,/input/data/work/ce/f714c000196834448dd54cd9224b2e,true,-,5,0,4,19
85,cpu07,14/d50c53,nf-14d50c536dc6fc02ca859ee9ac38c8ef,writeLargeFile,85,writeLargeFile (85),COMPLETED,0,-,anonymized/test1:fio,10,-,-,10737418240,1,1699041886519,1699042123000,1699042199000,312481,1115,-,107.2,0.0,28274688,422273024,29188096,590696448,108762,994052093,254,242706,32768,994050048,109,29,/input/data/work/14/d50c536dc6fc02ca859ee9ac38c8ef,true,-,5,0,9,20
84,cpu07,99/4e881f,nf-994e881f6ffc79d6ce3796c0bd80ade7,writeLargeFile,84,writeLargeFile (84),COMPLETED,0,-,anonymized/test1:fio,10,-,-,10737418240,1,1699041886552,1699042123000,1699042199000,312448,1064,-,106.1,0.0,27799552,326897664,27799552,326934528,108743,931137514,254,227346,28672,931135488,4,8,/input/data/work/99/4e881f6ffc79d6ce3796c0bd80ade7,true,-,4,1,4,23
90,cpu08,7e/bd432d,nf-7ebd432dc39b5d5e9953f1d501024676,writeLargeFile,90,writeLargeFile (90),COMPLETED,0,-,anonymized/test1:fio,10,-,-,10737418240,1,1699041886673,1699042124000,1699042201000,314327,1062,-,112.0,0.0,28377088,326901760,28377088,326938624,108122,1049626587,254,256274,0,1049624576,5,4,/input/data/work/7e/bd432dc39b5d5e9953f1d501024676,true,-,4,1,3,23
91,cpu08,c6/869901,nf-c686990130e6c22b4a4c5d941d4e241d,writeLargeFile,91,writeLargeFile (91),COMPLETED,0,-,anonymized/test1:fio,10,-,-,10737418240,1,1699041886701,1699042123000,1699042201000,314299,1102,-,110.9,0.0,28184576,422277120,29048832,590700544,108124,964691926,255,235538,0,964689920,98,20,/input/data/work/c6/86990130e6c22b4a4c5d941d4e241d,true,-,4,1,4,19
92,cpu08,83/b2b64b,nf-83b2b64be5155eefa578988f4f08ec99,writeLargeFile,92,writeLargeFile (92),COMPLETED,0,-,anonymized/test1:fio,10,-,-,10737418240,1,1699041886819,1699042123000,1699042201000,314181,1058,-,103.1,0.0,28377088,326897664,28377088,326934528,108151,901777393,255,220178,0,901775360,4,8,/input/data/work/83/b2b64be5155eefa578988f4f08ec99,true,-,5,1,3,108
93,cpu01,68/6bd1b7,nf-686bd1b7f2f9848a277a00d50c1e4245,writeLargeFile,93,writeLargeFile (93),COMPLETED,0,-,anonymized/test1:fio,10,-,-,10737418240,1,1699041886848,1699042127000,1699042202000,315152,964,-,111.7,0.0,3334144,5857280,3334144,5894144,107938,1021315032,252,249362,0,1021313024,2,0,/input/data/work/68/6bd1b7f2f9848a277a00d50c1e4245,true,-,4,1,3,19
94,cpu01,2f/ac540e,nf-2fac540ed5d938766b710b70a7254e2e,writeLargeFile,94,writeLargeFile (94),COMPLETED,0,-,anonymized/test1:fio,10,-,-,10737418240,1,1699041886877,1699042127000,1699042202000,315123,1000,-,109.0,0.0,3284992,5857280,3284992,5894144,107938,1030752216,252,251666,0,1030750208,1,1,/input/data/work/2f/ac540ed5d938766b710b70a7254e2e,true,-,5,0,4,18
95,cpu01,e5/f8c9f3,nf-e5f8c9f35f99fb62486888e0e62f574c,writeLargeFile,95,writeLargeFile (95),COMPLETED,0,-,anonymized/test1:fio,10,-,-,10737418240,1,1699041886907,1699042128000,1699042202000,315093,969,-,112.4,0.0,3272704,5857280,3272704,5894144,107935,989857749,252,241682,0,989855744,1,2,/input/data/work/e5/f8c9f35f99fb62486888e0e62f574c,true,-,5,0,4,21
79,cpu06,f1/763eb5,nf-f1763eb5a89ab51b80d4732f4a38d9d6,writeLargeFile,79,writeLargeFile (79),COMPLETED,0,-,anonymized/test1:fio,10,-,-,10737418240,1,1699041886308,1699042123000,1699042201000,314692,1109,-,110.8,0.0,28663808,422273024,29265920,590696448,108746,977274868,254,238610,0,977272832,99,16,/input/data/work/f1/763eb5a89ab51b80d4732f4a38d9d6,true,-,5,0,4,19
78,cpu03,79/c2da5a,nf-79c2da5afdedc511e1163d75f9c31b7d,writeLargeFile,78,writeLargeFile (78),COMPLETED,0,-,anonymized/test1:fio,10,-,-,10737418240,1,1699041886336,1699042123000,1699042201000,314664,1097,-,107.5,0.0,28160000,326897664,28160000,326934528,108744,1016072173,254,248082,0,1016070144,4,7,/input/data/work/79/c2da5afdedc511e1163d75f9c31b7d,true,-,5,1,3,18
80,cpu06,66/9d0a46,nf-669d0a46c372166aef6fffc76cd95ebb,writeLargeFile,80,writeLargeFile (80),COMPLETED,0,-,anonymized/test1:fio,10,-,-,10737418240,1,1699041886365,1699042123000,1699042201000,314635,1093,-,106.5,0.0,27979776,326897664,27979776,326934528,108736,894437354,254,218386,0,894435328,4,8,/input/data/work/66/9d0a46c372166aef6fffc76cd95ebb,true,-,4,1,3,20
81,cpu06,bd/ebcc59,nf-bdebcc597a0bfa39f3aa2f7bcbf31839,writeLargeFile,81,writeLargeFile (81),COMPLETED,0,-,anonymized/test1:fio,10,-,-,10737418240,1,1699041886425,1699042123000,1699042201000,314575,1104,-,101.4,0.0,28364800,422273024,29167616,590696448,108707,924846029,254,225810,0,924844032,100,23,/input/data/work/bd/ebcc597a0bfa39f3aa2f7bcbf31839,true,-,5,1,3,20
83,cpu03,ee/d8acc4,nf-eed8acc4ff15ffda8664a1a236f1ef93,writeLargeFile,83,writeLargeFile (83),COMPLETED,0,-,anonymized/test1:fio,10,-,-,10737418240,1,1699041886456,1699042123000,1699042201000,314544,1142,-,106.8,0.0,33222656,776916992,34291712,945340416,108749,1068500978,254,260882,0,1068498944,107,103,/input/data/work/ee/d8acc4ff15ffda8664a1a236f1ef93,true,-,5,0,4,22
86,cpu03,d2/f38fc4,nf-d2f38fc4b7c9e0bce34c67188825b65b,writeLargeFile,86,writeLargeFile (86),COMPLETED,0,-,anonymized/test1:fio,10,-,-,10737418240,1,1699041886484,1699042123000,1699042201000,314516,1110,-,109.0,0.0,28209152,422277120,28995584,590700544,108728,978323420,254,238866,0,978321408,102,26,/input/data/work/d2/f38fc4b7c9e0bce34c67188825b65b,true,-,5,1,3,18
100,cpu10,5a/ac1dbc,nf-5aac1dbcb41829a7a57db3b2439653fe,writeLargeFile,100,writeLargeFile (100),COMPLETED,0,-,anonymized/test1:fio,10,-,-,10737418240,1,1699041887441,1699042200000,1699042209000,321559,975,-,113.7,0.0,27664384,326897664,27664384,326934528,108679,954206185,254,232978,0,954204160,4,6,/input/data/work/5a/ac1dbcb41829a7a57db3b2439653fe,true,-,172,1,3,263
96,cpu09,a3/427854,nf-a3427854a15276c9b63a9b7086519fcc,writeLargeFile,96,writeLargeFile (96),COMPLETED,0,-,anonymized/test1:fio,10,-,-,10737418240,1,1699041886945,1699042199000,1699042227000,340055,1111,-,105.8,0.0,33447936,776900608,34627584,945324032,108146,990906344,254,241938,0,990904320,100,91,/input/data/work/a3/427854a15276c9b63a9b7086519fcc,true,-,15,0,3,19
98,cpu09,3c/bac7e2,nf-3cbac7e22b5ef871782bf29fc40bfad8,writeLargeFile,98,writeLargeFile (98),COMPLETED,0,-,anonymized/test1:fio,10,-,-,10737418240,1,1699041886972,1699042199000,1699042227000,340028,1001,-,112.1,0.0,28119040,326897664,28119040,326934528,108141,905971683,254,221202,0,905969664,4,7,/input/data/work/3c/bac7e22b5ef871782bf29fc40bfad8,true,-,5,0,3,18
99,cpu09,c8/fcab5d,nf-c8fcab5df118f89279d890004ac033a2,writeLargeFile,99,writeLargeFile (99),COMPLETED,0,-,anonymized/test1:fio,10,-,-,10737418240,1,1699041887001,1699042199000,1699042227000,339999,1012,-,106.6,0.0,3366912,5857280,3366912,5894144,108129,959449047,254,234258,0,959447040,2,1,/input/data/work/c8/fcab5df118f89279d890004ac033a2,true,-,5,1,2,19
103,cpu01,3b/bb5d84,nf-3bbb5d84a3b751fdebecd0ce82e98a1d,combineFiles,-,combineFiles (3),COMPLETED,0,-,anonymized/test1:fio,10,-,-,21223178240,1,1699042232299,1699042233000,1699042333000,100701,68001,-,3.7,0.0,9359360,14381056,9359360,14417920,2905660513,2905604696,838,707,0,2905604096,127,512,/input/data/work/3b/bb5d84a3b751fdebecd0ce82e98a1d,true,-,4,1,4,17
109,cpu09,29/7648a1,nf-297648a16fca6273dd0a40c8b8540cd1,combineFiles,-,combineFiles (9),COMPLETED,0,-,anonymized/test1:fio,10,-,-,21223178240,1,1699042232328,1699042235000,1699042343000,110672,51382,-,4.0,0.0,9240576,14381056,9240576,14417920,1938873622,1938817511,606,476,0,1938817024,144,589,/input/data/work/29/7648a16fca6273dd0a40c8b8540cd1,true,-,5,1,3,19
127,cpu10,97/a8b507,nf-97a8b5077375a709c24448ff5deb4e0c,combineFiles,-,combineFiles (27),COMPLETED,0,-,anonymized/test1:fio,10,-,-,21223178240,1,1699042232014,1699042233000,1699042377000,144986,69841,-,4.2,0.0,9183232,14381056,9183232,14417920,2656100158,2656043627,778,647,0,2656043008,207,692,/input/data/work/97/a8b5077375a709c24448ff5deb4e0c,true,-,3,1,3,17
117,cpu02,68/af033b,nf-68af033b4c3116fb8117b442a64b1242,combineFiles,-,combineFiles (17),COMPLETED,0,-,anonymized/test1:fio,10,-,-,21223178240,1,1699042231989,1699042241000,1699042410000,178011,89356,-,3.5,0.0,9240576,14381056,9240576,14417920,2857426809,2857370220,826,695,0,2857369600,211,820,/input/data/work/68/af033b4c3116fb8117b442a64b1242,true,-,4,0,3,18
132,cpu01,0e/5b04c5,nf-0e5b04c5901c8b97d9c21a777d16dbe9,combineFiles,-,combineFiles (32),COMPLETED,0,-,anonymized/test1:fio,10,-,-,21223178240,1,1699042232546,1699042338000,1699042467000,234454,1734,-,100.7,0.0,9474048,14381056,9474048,14417920,3041975396,3041919578,870,739,0,3041918976,4,104,/input/data/work/0e/5b04c5901c8b97d9c21a777d16dbe9,true,-,3,1,3,16
126,cpu01,b6/52fed3,nf-b652fed37fa68209389f87c6a0f23672,combineFiles,-,combineFiles (26),COMPLETED,0,-,anonymized/test1:fio,10,-,-,21223178240,1,1699042232090,1699042232000,1699042473000,240910,107618,-,2.8,0.0,9138176,14381056,9138176,14417920,2914049122,2913993304,840,709,0,2913992704,219,644,/input/data/work/b6/52fed37fa68209389f87c6a0f23672,true,-,4,0,3,18
115,cpu01,32/11e9c9,nf-3211e9c9e2aef92ad48b7e4a86aff322,combineFiles,-,combineFiles (15),COMPLETED,0,-,anonymized/test1:fio,10,-,-,21223178240,1,1699042232495,1699042233000,1699042473000,240505,160253,-,1.8,0.0,9392128,14381056,9392128,14417920,2810240098,2810184280,815,684,0,2810183680,218,718,/input/data/work/32/11e9c9e2aef92ad48b7e4a86aff322,true,-,4,0,3,15
105,cpu06,55/7faf4d,nf-557faf4d7f17a35cd232db52df1e748d,combineFiles,-,combineFiles (5),COMPLETED,0,-,anonymized/test1:fio,10,-,-,21223178240,1,1699042232038,1699042239000,1699042530000,297962,156047,-,2.2,0.0,9318400,14381056,9318400,14417920,2847989621,2847933036,824,693,0,2847932416,219,796,/input/data/work/55/7faf4d7f17a35cd232db52df1e748d,true,-,3,1,3,16
110,cpu06,3b/acffb7,nf-3bacffb72f1ad5eda294f95631c677c9,combineFiles,-,combineFiles (10),COMPLETED,0,-,anonymized/test1:fio,10,-,-,21223178240,1,1699042232245,1699042240000,1699042530000,297755,80904,-,3.9,0.0,9064448,14381056,9064448,14417920,2775637876,2775581292,807,676,0,2775580672,207,709,/input/data/work/3b/acffb72f1ad5eda294f95631c677c9,true,-,5,1,3,13
114,cpu06,76/398bff,nf-76398bffefca695f1b5271efeaf0fbd9,combineFiles,-,combineFiles (14),COMPLETED,0,-,anonymized/test1:fio,10,-,-,21223178240,1,1699042232449,1699042240000,1699042530000,297551,154781,-,2.2,0.0,9154560,14381056,9154560,14417920,2882592628,2882536044,833,702,0,2882535424,208,775,/input/data/work/76/398bffefca695f1b5271efeaf0fbd9,true,-,4,1,4,16
124,cpu07,e1/8876e3,nf-e18876e3cae633c8c4c00d434e4d5b93,combineFiles,-,combineFiles (24),COMPLETED,0,-,anonymized/test1:fio,10,-,-,21223178240,1,1699042232065,1699042234000,1699042535000,302935,101488,-,3.4,0.0,9482240,14381056,9482240,14417920,3008421756,3008365164,863,732,0,3008364544,234,908,/input/data/work/e1/8876e3cae633c8c4c00d434e4d5b93,true,-,4,1,2,19
133,cpu07,18/f5d4fe,nf-18f5d4fea3ba6d4caab80daa104ec6d5,combineFiles,-,combineFiles (33),COMPLETED,0,-,anonymized/test1:fio,10,-,-,21223178240,1,1699042232272,1699042234000,1699042535000,302728,99414,-,3.2,0.0,9269248,14381056,9269248,14417920,2887835515,2887778924,834,703,0,2887778304,222,805,/input/data/work/18/f5d4fea3ba6d4caab80daa104ec6d5,true,-,4,0,8,15
130,cpu07,32/ee18bb,nf-32ee18bb2f738f0d007b8f03e3cc4cc3,combineFiles,-,combineFiles (30),COMPLETED,0,-,anonymized/test1:fio,10,-,-,21223178240,1,1699042232473,1699042234000,1699042535000,302527,98479,-,3.2,0.0,9441280,14381056,9441280,14417920,2903564156,2903507564,837,706,0,2903506944,228,812,/input/data/work/32/ee18bb2f738f0d007b8f03e3cc4cc3,true,-,4,0,4,15
106,cpu08,95/2fa9ca,nf-952fa9ca81f4a4c93f0eefa2ba62948a,combineFiles,-,combineFiles (6),COMPLETED,0,-,anonymized/test1:fio,10,-,-,21223178240,1,1699042232146,1699042233000,1699042540000,307854,116203,-,2.8,0.0,9277440,14381056,9277440,14417920,3109084430,3109028440,886,755,0,3109027840,290,798,/input/data/work/95/2fa9ca81f4a4c93f0eefa2ba62948a,true,-,5,1,3,20
113,cpu02,cf/33a031,nf-cf33a031fa5a432a50691ddac2df9ab0,combineFiles,-,combineFiles (13),COMPLETED,0,-,anonymized/test1:fio,10,-,-,21223178240,1,1699042232198,1699042241000,1699042539000,306802,164789,-,2.1,0.0,9244672,14381056,9244672,14417920,3051413368,3051356780,872,741,0,3051356160,216,842,/input/data/work/cf/33a031fa5a432a50691ddac2df9ab0,true,-,4,0,3,19
123,cpu10,ed/6cb834,nf-ed6cb834ee8647d7f033e84bc23438eb,combineFiles,-,combineFiles (23),COMPLETED,0,-,anonymized/test1:fio,10,-,-,21223178240,1,1699042232221,1699042233000,1699042541000,308779,163414,-,1.9,0.0,9125888,14381056,9125888,14417920,2842746685,2842690155,822,691,0,2842689536,235,782,/input/data/work/ed/6cb834ee8647d7f033e84bc23438eb,true,-,4,1,2,15
119,cpu02,1c/d3456b,nf-1cd3456bd33fe13b9195465329f20130,combineFiles,-,combineFiles (19),COMPLETED,0,-,anonymized/test1:fio,10,-,-,21223178240,1,1699042232399,1699042241000,1699042539000,306601,231684,-,1.5,0.0,9228288,14381056,9228288,14417920,3040927608,3040871020,871,740,0,3040870400,257,856,/input/data/work/1c/d3456bd33fe13b9195465329f20130,true,-,4,0,4,17
120,cpu10,47/ad8a5a,nf-47ad8a5a3622cf82efc60da521cf07a5,combineFiles,-,combineFiles (20),COMPLETED,0,-,anonymized/test1:fio,10,-,-,21223178240,1,1699042232424,1699042233000,1699042541000,308576,233521,-,1.5,0.0,9199616,14381056,9199616,14417920,3054559038,3054502507,873,742,4096,3054501888,269,879,/input/data/work/47/ad8a5a3622cf82efc60da521cf07a5,true,-,4,1,3,17
101,cpu03,ff/868c5f,nf-ff868c5f6153ea22ee85d4cfc4fe4565,combineFiles,-,combineFiles (1),COMPLETED,0,-,anonymized/test1:fio,10,-,-,21223178240,1,1699042231963,1699042240000,1699042594000,362037,158922,-,2.1,0.0,9302016,14381056,9302016,14417920,2952847228,2952790637,850,719,0,2952790016,240,819,/input/data/work/ff/868c5f6153ea22ee85d4cfc4fe4565,true,-,4,0,4,15
118,cpu03,97/0da278,nf-970da278d04a26a1df791b6eb8135831,combineFiles,-,combineFiles (18),COMPLETED,0,-,anonymized/test1:fio,10,-,-,21223178240,1,1699042232171,1699042241000,1699042594000,361829,160836,-,1.9,0.0,9216000,14381056,9216000,14417920,2728451965,2728395373,795,664,0,2728394752,217,697,/input/data/work/97/0da278d04a26a1df791b6eb8135831,true,-,3,1,4,16
111,cpu03,4a/4f7030,nf-4a4f7030eaed707dacf3eb488187b24e,combineFiles,-,combineFiles (11),COMPLETED,0,-,anonymized/test1:fio,10,-,-,21223178240,1,1699042232373,1699042241000,1699042594000,361627,286732,-,1.1,0.0,9342976,14381056,9342976,14417920,2923487101,2923430509,841,710,0,2923429888,229,768,/input/data/work/4a/4f7030eaed707dacf3eb488187b24e,true,-,4,1,3,13
125,cpu08,1f/6f143c,nf-1f6f143c0b95a26e1d8a8da1ca4e9d3c,combineFiles,-,combineFiles (25),COMPLETED,0,-,anonymized/test1:fio,10,-,-,21223178240,1,1699042231939,1699042233000,1699042598000,366061,232686,-,1.3,0.0,9158656,14381056,9158656,14417920,2819677454,2819621464,817,686,0,2819620864,245,787,/input/data/work/1f/6f143c0b95a26e1d8a8da1ca4e9d3c,true,-,4,0,4,24
129,cpu09,fa/1e36ae,nf-fa1e36ae8396f651c6d030e74ee4d681,combineFiles,-,combineFiles (29),COMPLETED,0,-,anonymized/test1:fio,10,-,-,21223178240,1,1699042232116,1699042235000,1699042638000,405884,303153,-,1.0,0.0,9306112,14381056,9306112,14417920,2925583638,2925527641,843,712,0,2925527040,252,759,/input/data/work/fa/1e36ae8396f651c6d030e74ee4d681,true,-,4,0,3,18
116,cpu08,d0/acfeeb,nf-d0acfeebd881ffd88c0d895020cd7710,combineFiles,-,combineFiles (16),COMPLETED,0,-,anonymized/test1:fio,10,-,-,21223178240,1,1699042232352,1699042233000,1699042598000,365648,295525,-,1.1,0.0,9166848,14381056,9166848,14417920,2947603725,2947547736,848,717,0,2947547136,246,736,/input/data/work/d0/acfeebd881ffd88c0d895020cd7710,true,-,5,0,3,16
108,cpu10,0f/c06983,nf-0fc0698361fda80671779eddb85eb1c1,combineFiles,-,combineFiles (8),COMPLETED,0,-,anonymized/test1:fio,10,-,-,21223178240,1,1699042232608,1699042381000,1699042613000,380392,181800,-,1.9,0.0,9326592,14381056,9326592,14417920,3021004607,3020948075,865,734,0,3020947456,224,711,/input/data/work/0f/c0698361fda80671779eddb85eb1c1,true,-,5,1,6,18
131,cpu02,ea/b2bdfc,nf-eab2bdfc41427e8453eba6b685c6dc22,combineFiles,-,combineFiles (31),COMPLETED,0,-,anonymized/test1:fio,10,-,-,21223178240,1,1699042232710,1699042414000,1699042619000,386290,152946,-,2.3,0.0,9187328,14381056,9187328,14417920,2916147065,2916090476,840,709,0,2916089856,250,718,/input/data/work/ea/b2bdfc41427e8453eba6b685c6dc22,true,-,5,1,3,16
134,cpu06,2a/584cfd,nf-2a584cfde86281a9f1e7142144dd43f6,combineFiles,-,combineFiles (34),COMPLETED,0,-,anonymized/test1:fio,10,-,-,21223178240,1,1699042232738,1699042534000,1699042627000,394262,58443,-,3.8,0.0,9269248,14381056,9269248,14417920,1913708405,1913651706,600,470,0,1913651200,164,534,/input/data/work/2a/584cfde86281a9f1e7142144dd43f6,true,-,4,1,3,19
104,cpu09,a6/32a0b3,nf-a632a0b343d39a1b0b4135dbc15fe9dc,combineFiles,-,combineFiles (4),COMPLETED,0,-,anonymized/test1:fio,10,-,-,21223178240,1,1699042231906,1699042235000,1699042638000,406094,301456,-,1.1,0.0,9383936,14381056,9383936,14417920,2951798037,2951742041,849,718,0,2951741440,251,822,/input/data/work/a6/32a0b343d39a1b0b4135dbc15fe9dc,true,-,5,1,5,21
128,cpu01,fe/cb65e8,nf-fecb65e84efe0049b1a6ed4f12a1497e,combineFiles,-,combineFiles (28),COMPLETED,0,-,anonymized/test1:fio,10,-,-,21223178240,1,1699042232577,1699042470000,1699042675000,442423,179612,-,1.7,0.0,9154560,14381056,9154560,14417920,2910903394,2910847576,839,708,0,2910846976,222,626,/input/data/work/fe/cb65e84efe0049b1a6ed4f12a1497e,true,-,4,0,3,23
122,cpu01,a1/b51fe6,nf-a1b51fe6872e4cd564a5e9e0680e7b32,combineFiles,-,combineFiles (22),COMPLETED,0,-,anonymized/test1:fio,10,-,-,21223178240,1,1699042232632,1699042476000,1699042675000,442368,122410,-,2.4,0.0,9322496,14381056,9322496,14417920,2870008930,2869953112,830,699,0,2869952512,222,756,/input/data/work/a1/b51fe6872e4cd564a5e9e0680e7b32,true,-,4,1,3,16
107,cpu01,82/ae5eb5,nf-82ae5eb5f9f018785952d0c5206a8392,combineFiles,-,combineFiles (7),COMPLETED,0,-,anonymized/test1:fio,10,-,-,21223178240,1,1699042232684,1699042475000,1699042675000,442316,122206,-,2.5,0.0,9248768,14381056,9248768,14417920,2881543266,2881487448,832,701,0,2881486848,230,699,/input/data/work/82/ae5eb5f9f018785952d0c5206a8392,true,-,5,0,3,18
102,cpu09,90/437dda,nf-90437dda73ea253244978c57f3eff11a,combineFiles,-,combineFiles (2),COMPLETED,0,-,anonymized/test1:fio,10,-,-,21223178240,1,1699042232764,1699042348000,1699042688000,455236,305936,-,1.1,0.0,9277440,14381056,9277440,14417920,3023101205,3023045209,867,736,0,3023044608,267,760,/input/data/work/90/437dda73ea253244978c57f3eff11a,true,-,5,1,2,17
121,cpu06,f8/747a87,nf-f8747a87b03ff3db60943864c50ccab4,combineFiles,-,combineFiles (21),COMPLETED,0,-,anonymized/test1:fio,10,-,-,21223178240,1,1699042232522,1699042533000,1699042700000,467478,104284,-,3.1,0.0,9236480,14381056,9236480,14417920,2736840565,2736783980,798,667,0,2736783360,232,691,/input/data/work/f8/747a87b03ff3db60943864c50ccab4,true,-,4,0,4,18
112,cpu06,05/3068b6,nf-053068b68f57becf9f06366b514eff17,combineFiles,-,combineFiles (12),COMPLETED,0,-,anonymized/test1:fio,10,-,-,21223178240,1,1699042232657,1699042534000,1699042700000,467343,110610,-,2.9,0.0,9232384,14381056,9232384,14417920,2760957812,2760901228,804,673,0,2760900608,239,826,/input/data/work/05/3068b68f57becf9f06366b514eff17,true,-,3,1,2,18
