task_id,hostname,out_label,hash,native_id,process,tag,name,status,exit,module,container,cpus,time,disk,memory,attempt,submit,start,complete,duration,realtime,queue,%cpu,%mem,rss,vmem,peak_rss,peak_vmem,rchar,wchar,syscr,syscw,read_bytes,write_bytes,vol_ctxt,inv_ctxt,workdir,scratch,error_action,scheduler_copy_tasks,scheduler_files_bytes,scheduler_files_node_bytes,scheduler_files_node_other_task_bytes,scheduler_files,scheduler_files_node,scheduler_files_node_other_task,scheduler_depending_task,scheduler_time_in_queue,scheduler_place_in_queue,scheduler_location_count,scheduler_tried_to_schedule,scheduler_init_runtime,scheduler_init_errors,scheduler_init_symlinks_runtime,scheduler_init_download_runtime,scheduler_init_depending_tasks_runtime,scheduler_nodes_to_copy_from,scheduler_time_to_schedule,scheduler_nodes_tried,scheduler_nodes_cost,scheduler_could_stop_fetching,scheduler_best_cost,scheduler_init_throughput,scheduler_no_alignment_found,scheduler_delta_schedule_submitted,scheduler_delta_schedule_alignment,scheduler_batch_id,scheduler_delta_batch_start_submitted,scheduler_delta_batch_start_received,scheduler_delta_batch_closed_batch_end,scheduler_delta_submitted_batch_end,create_bash_wrapper_time,create_request_time,submit_to_scheduler_time,submit_to_k8s_time,scheduler_time_delta_phase_three
27,cpu10,-,ca/7ee30e,nf-ca7ee30e34144ad81e25d26a7a478d77,task_sG1IterDecon,-,task_sG1IterDecon (27),COMPLETED,0,-,anonymized/nf_wfbench:skip_mem_v11,1,-,-,23396834345,1,1705188217908,1705188218000,1705188233000,15092,9765,-,109.5,0.0,72052736,1442304000,73068544,1443356672,122244430,800416589,1348,7843,112091136,800415744,802,429,/input/data/work/ca/7ee30e34144ad81e25d26a7a478d77,true,-,0,-,-,-,-,-,-,-,99,-,-,1,-,-,-,-,-,-,-,-,-,-,-,-,-,47,-,-,-,-,-,-,8,1,5,27,-
59,cpu01,-,07/9e8d50,nf-079e8d50733eb13e9191a3bcb0991956,task_sG1IterDecon,-,task_sG1IterDecon (59),COMPLETED,0,-,anonymized/nf_wfbench:skip_mem_v11,1,-,-,23396834345,1,1705188219185,1705188219000,1705188235000,15815,13689,-,79.3,0.0,72028160,1442304000,73048064,1443356672,122243956,800416580,1348,7843,0,800415744,16932,475,/input/data/work/07/9e8d50733eb13e9191a3bcb0991956,true,-,0,-,-,-,-,-,-,-,13,-,-,1,-,-,-,-,-,-,-,-,-,-,-,-,-,13,-,-,-,-,-,-,8,1,4,19,-
10,cpu09,-,e5/23b3e2,nf-e523b3e23929179eab62913aff6e3723,task_sG1IterDecon,-,task_sG1IterDecon (10),COMPLETED,0,-,anonymized/nf_wfbench:skip_mem_v11,1,-,-,23396834345,1,1705188218067,1705188218000,1705188241000,22933,22205,-,45.8,0.1,72179712,1442304000,73203712,1443356672,122244357,800416587,1348,7843,112107520,800415744,584,267,/input/data/work/e5/23b3e23929179eab62913aff6e3723,true,-,0,-,-,-,-,-,-,-,24,-,-,1,-,-,-,-,-,-,-,-,-,-,-,-,-,20,-,-,-,-,-,-,10,1,4,23,-
19,cpu01,-,65/742e1b,nf-65742e1bd4f9823208475c34a4b67633,task_sG1IterDecon,-,task_sG1IterDecon (19),COMPLETED,0,-,anonymized/nf_wfbench:skip_mem_v11,1,-,-,23396834345,1,1705188219221,1705188220000,1705188240000,20779,15137,-,63.4,0.0,72216576,1442308096,73216000,1443360768,122243955,800416579,1348,7843,0,800415744,5314,481,/input/data/work/65/742e1bd4f9823208475c34a4b67633,true,-,0,-,-,-,-,-,-,-,12,-,-,1,-,-,-,-,-,-,-,-,-,-,-,-,-,12,-,-,-,-,-,-,8,1,4,22,-
18,cpu01,-,74/abaadc,nf-74abaadca93a30c740f98d445b3ee879,task_sG1IterDecon,-,task_sG1IterDecon (18),COMPLETED,0,-,anonymized/nf_wfbench:skip_mem_v11,1,-,-,23396834345,1,1705188219257,1705188220000,1705188240000,20743,15076,-,67.1,0.0,72515584,1442304000,73539584,1443356672,122243954,800416580,1348,7843,0,800415744,2477,484,/input/data/work/74/abaadca93a30c740f98d445b3ee879,true,-,0,-,-,-,-,-,-,-,14,-,-,1,-,-,-,-,-,-,-,-,-,-,-,-,-,14,-,-,-,-,-,-,9,1,5,20,-
60,cpu01,-,7d/5b275a,nf-7d5b275a4cd82906d8fc8813a0834944,task_sG1IterDecon,-,task_sG1IterDecon (60),COMPLETED,0,-,anonymized/nf_wfbench:skip_mem_v11,1,-,-,23396834345,1,1705188219298,1705188220000,1705188240000,20702,15076,-,66.8,0.0,72097792,1442304000,73121792,1443356672,122243956,800416580,1348,7843,0,800415744,6331,467,/input/data/work/7d/5b275a4cd82906d8fc8813a0834944,true,-,0,-,-,-,-,-,-,-,15,-,-,1,-,-,-,-,-,-,-,-,-,-,-,-,-,15,-,-,-,-,-,-,9,1,4,26,-
63,cpu01,-,b0/9d79d0,nf-b09d79d0ce5cbceebaea47108fbc5c8c,task_sG1IterDecon,-,task_sG1IterDecon (63),COMPLETED,0,-,anonymized/nf_wfbench:skip_mem_v11,1,-,-,23396834345,1,1705188219332,1705188220000,1705188240000,20668,15193,-,63.7,0.0,72007680,1442304000,73019392,1443356672,122243954,800416579,1348,7843,0,800415744,8184,463,/input/data/work/b0/9d79d0ce5cbceebaea47108fbc5c8c,true,-,0,-,-,-,-,-,-,-,15,-,-,1,-,-,-,-,-,-,-,-,-,-,-,-,-,15,-,-,-,-,-,-,9,0,4,19,-
21,cpu09,-,65/b76e3d,nf-65b76e3ddfed798263e5ec4cf498e83d,task_sG1IterDecon,-,task_sG1IterDecon (21),COMPLETED,0,-,anonymized/nf_wfbench:skip_mem_v11,1,-,-,23396834345,1,1705188218029,1705188219000,1705188251000,32971,32575,-,30.8,0.1,72101888,1442304000,73121792,1443356672,122244358,800416587,1348,7843,112099328,800415744,948,239,/input/data/work/65/b76e3ddfed798263e5ec4cf498e83d,true,-,0,-,-,-,-,-,-,-,40,-,-,1,-,-,-,-,-,-,-,-,-,-,-,-,-,19,-,-,-,-,-,-,8,1,5,25,-
5,cpu09,-,73/0b01ee,nf-730b01ee9772271f03fffc932b09ba55,task_sG1IterDecon,-,task_sG1IterDecon (5),COMPLETED,0,-,anonymized/nf_wfbench:skip_mem_v11,1,-,-,23396834345,1,1705188218107,1705188219000,1705188251000,32893,32523,-,29.4,0.1,71962624,1442304000,72982528,1443356672,122244356,800416586,1348,7843,112111616,800415744,1266,255,/input/data/work/73/0b01ee9772271f03fffc932b09ba55,true,-,0,-,-,-,-,-,-,-,20,-,-,1,-,-,-,-,-,-,-,-,-,-,-,-,-,20,-,-,-,-,-,-,8,2,5,24,-
28,cpu09,-,07/96276f,nf-0796276f3ca740dbf382756ecb622d20,task_sG1IterDecon,-,task_sG1IterDecon (28),COMPLETED,0,-,anonymized/nf_wfbench:skip_mem_v11,1,-,-,23396834345,1,1705188218148,1705188219000,1705188251000,32852,32396,-,31.0,0.1,72097792,1442304000,73113600,1443356672,122244357,800416587,1348,7843,112123904,800415744,1015,244,/input/data/work/07/96276f3ca740dbf382756ecb622d20,true,-,0,-,-,-,-,-,-,-,21,-,-,1,-,-,-,-,-,-,-,-,-,-,-,-,-,21,-,-,-,-,-,-,9,1,5,25,-
4,cpu09,-,2c/56641a,nf-2c56641ad60fe6fe9df126ce5eec6261,task_sG1IterDecon,-,task_sG1IterDecon (4),COMPLETED,0,-,anonymized/nf_wfbench:skip_mem_v11,1,-,-,23396834345,1,1705188218187,1705188219000,1705188251000,32813,32084,-,31.1,0.1,71938048,1442304000,72953856,1443356672,122244357,800416586,1348,7843,112119808,800415744,1675,274,/input/data/work/2c/56641ad60fe6fe9df126ce5eec6261,true,-,0,-,-,-,-,-,-,-,17,-,-,1,-,-,-,-,-,-,-,-,-,-,-,-,-,17,-,-,-,-,-,-,9,1,4,24,-
92,cpu10,-,2f/1482d7,nf-2f1482d713b82449805ac085c537b068,task_sG1IterDecon,-,task_sG1IterDecon (92),COMPLETED,0,-,anonymized/nf_wfbench:skip_mem_v11,1,-,-,23396834345,1,1705188235865,1705188240000,1705188256000,20135,15829,-,64.0,0.1,72335360,1442304000,73359360,1443356672,122244429,800416588,1348,7843,112091136,800415744,1313,485,/input/data/work/2f/1482d713b82449805ac085c537b068,true,-,0,-,-,-,-,-,-,-,298,-,-,2,-,-,-,-,-,-,-,-,-,-,-,-,-,143,-,-,-,-,-,-,113,1,3,64,-
129,cpu01,-,27/990fae,nf-27990faec38a9bb1d724661c50e6551e,task_sG1IterDecon,-,task_sG1IterDecon (129),COMPLETED,0,-,anonymized/nf_wfbench:skip_mem_v11,1,-,-,23396834345,1,1705188237767,1705188239000,1705188255000,17233,10534,-,101.4,0.0,71860224,1442304000,72880128,1443356672,122243956,800416581,1348,7843,0,800415744,2396,497,/input/data/work/27/990faec38a9bb1d724661c50e6551e,true,-,0,-,-,-,-,-,-,-,372,-,-,2,-,-,-,-,-,-,-,-,-,-,-,-,-,167,-,-,-,-,-,-,254,1,4,68,-
146,cpu01,-,b1/4a68cd,nf-b14a68cd04f940a36eccf96cca2b0147,task_sG1IterDecon,-,task_sG1IterDecon (146),COMPLETED,0,-,anonymized/nf_wfbench:skip_mem_v11,1,-,-,23396834345,1,1705188241050,1705188243000,1705188260000,18950,14144,-,73.9,0.0,72318976,1442304000,73347072,1443356672,122243956,800416580,1348,7843,0,800415744,7280,544,/input/data/work/b1/4a68cd04f940a36eccf96cca2b0147,true,-,0,-,-,-,-,-,-,-,1195,-,-,7,-,-,-,-,-,-,-,-,-,-,-,-,-,138,-,-,-,-,-,-,130,1,4,39,-
101,cpu01,-,1d/0ea896,nf-1d0ea896e0893eefd3b9e5f84f1e5b40,task_sG1IterDecon,-,task_sG1IterDecon (101),COMPLETED,0,-,anonymized/nf_wfbench:skip_mem_v11,1,-,-,23396834345,1,1705188241262,1705188243000,1705188260000,18738,14079,-,75.5,0.0,71770112,1442304000,72785920,1443356672,122243955,800416580,1348,7843,0,800415744,4110,504,/input/data/work/1d/0ea896e0893eefd3b9e5f84f1e5b40,true,-,0,-,-,-,-,-,-,-,806,-,-,5,-,-,-,-,-,-,-,-,-,-,-,-,-,143,-,-,-,-,-,-,132,1,3,74,-
111,cpu01,-,9d/a0e604,nf-9da0e604bc0c7110610669c2108c0ffe,task_sG1IterDecon,-,task_sG1IterDecon (111),COMPLETED,0,-,anonymized/nf_wfbench:skip_mem_v11,1,-,-,23396834345,1,1705188241686,1705188243000,1705188260000,18314,13931,-,76.6,0.0,72392704,1442435072,73420800,1443487744,122243955,800416580,1348,7843,0,800415744,5568,383,/input/data/work/9d/a0e604bc0c7110610669c2108c0ffe,true,-,0,-,-,-,-,-,-,-,666,-,-,3,-,-,-,-,-,-,-,-,-,-,-,-,-,246,-,-,-,-,-,-,75,1,3,71,-
103,cpu01,-,93/e4fdf1,nf-93e4fdf19093f55196f3f81689e1bdb3,task_sG1IterDecon,-,task_sG1IterDecon (103),COMPLETED,0,-,anonymized/nf_wfbench:skip_mem_v11,1,-,-,23396834345,1,1705188241958,1705188243000,1705188260000,18042,14007,-,73.1,0.0,72531968,1442304000,73555968,1443356672,122243956,800416580,1348,7843,0,800415744,7271,487,/input/data/work/93/e4fdf19093f55196f3f81689e1bdb3,true,-,0,-,-,-,-,-,-,-,521,-,-,1,-,-,-,-,-,-,-,-,-,-,-,-,-,373,-,-,-,-,-,-,175,1,3,92,-
119,cpu09,-,16/2d4ff7,nf-162d4ff7810d8a212cdc3d897d45d44e,task_sG1IterDecon,-,task_sG1IterDecon (119),COMPLETED,0,-,anonymized/nf_wfbench:skip_mem_v11,1,-,-,23396834345,1,1705188242690,1705188244000,1705188258000,15310,13963,-,77.6,0.1,71847936,1442304000,72867840,1443356672,122244357,800416587,1348,7843,112119808,800415744,283,489,/input/data/work/16/2d4ff7810d8a212cdc3d897d45d44e,true,-,0,-,-,-,-,-,-,-,557,-,-,4,-,-,-,-,-,-,-,-,-,-,-,-,-,95,-,-,-,-,-,-,173,1,3,63,-
13,cpu10,-,7d/b4984f,nf-7db4984fd924696da34d6fc89f3f8474,task_sG1IterDecon,-,task_sG1IterDecon (13),COMPLETED,0,-,anonymized/nf_wfbench:skip_mem_v11,1,-,-,23396834345,1,1705188217818,1705188219000,1705188253000,35182,34136,-,27.7,0.1,71921664,1442304000,72945664,1443356672,122244427,800416587,1348,7843,112091136,800415744,954,227,/input/data/work/7d/b4984fd924696da34d6fc89f3f8474,true,-,0,-,-,-,-,-,-,-,127,-,-,1,-,-,-,-,-,-,-,-,-,-,-,-,-,127,-,-,-,-,-,-,25,10,38,38,-
24,cpu10,-,67/fbbd7b,nf-67fbbd7b0153afb7738d0a2c28a08e8f,task_sG1IterDecon,-,task_sG1IterDecon (24),COMPLETED,0,-,anonymized/nf_wfbench:skip_mem_v11,1,-,-,23396834345,1,1705188217867,1705188219000,1705188253000,35133,34032,-,28.5,0.1,72077312,1442304000,72962048,1443356672,122244427,800416587,1348,7843,112091136,800415744,1111,218,/input/data/work/67/fbbd7b0153afb7738d0a2c28a08e8f,true,-,0,-,-,-,-,-,-,-,129,-,-,1,-,-,-,-,-,-,-,-,-,-,-,-,-,36,-,-,-,-,-,-,9,1,7,30,-
31,cpu10,-,3a/3dc87f,nf-3a3dc87f55f0eeecb0a0cd203bad3b7e,task_sG1IterDecon,-,task_sG1IterDecon (31),COMPLETED,0,-,anonymized/nf_wfbench:skip_mem_v11,1,-,-,23396834345,1,1705188217946,1705188219000,1705188253000,35054,34169,-,29.7,0.1,71065600,1437163520,71065600,1437163520,122244428,800416588,1348,7843,112091136,800415744,1197,217,/input/data/work/3a/3dc87f55f0eeecb0a0cd203bad3b7e,true,-,0,-,-,-,-,-,-,-,71,-,-,1,-,-,-,-,-,-,-,-,-,-,-,-,-,58,-,-,-,-,-,-,9,1,5,22,-
2,cpu10,-,d7/ebba6f,nf-d7ebba6f2769b076ced04a29d8598985,task_sG1IterDecon,-,task_sG1IterDecon (2),COMPLETED,0,-,anonymized/nf_wfbench:skip_mem_v11,1,-,-,23396834345,1,1705188217989,1705188219000,1705188253000,35011,34165,-,30.6,0.1,72175616,1442299904,73199616,1443352576,122244428,800416588,1348,7843,112091136,800415744,841,209,/input/data/work/d7/ebba6f2769b076ced04a29d8598985,true,-,0,-,-,-,-,-,-,-,57,-,-,1,-,-,-,-,-,-,-,-,-,-,-,-,-,24,-,-,-,-,-,-,9,1,6,24,-
17,cpu08,-,dd/a00b64,nf-dda00b641623d8ad9d2fc665e93d9a8a,task_sG1IterDecon,-,task_sG1IterDecon (17),COMPLETED,0,-,anonymized/nf_wfbench:skip_mem_v11,1,-,-,23396834345,1,1705188218227,1705188219000,1705188255000,36773,35760,-,26.9,0.1,71913472,1442304000,72937472,1443356672,122244371,800416586,1348,7843,112091136,800415744,1030,428,/input/data/work/dd/a00b641623d8ad9d2fc665e93d9a8a,true,-,0,-,-,-,-,-,-,-,17,-,-,1,-,-,-,-,-,-,-,-,-,-,-,-,-,17,-,-,-,-,-,-,9,1,5,24,-
6,cpu08,-,ef/2575ae,nf-ef2575aef51c3d910314546934f8dcab,task_sG1IterDecon,-,task_sG1IterDecon (6),COMPLETED,0,-,anonymized/nf_wfbench:skip_mem_v11,1,-,-,23396834345,1,1705188218267,1705188219000,1705188256000,37733,35793,-,27.5,0.1,72462336,1442304000,73490432,1443356672,122244370,800416586,1348,7843,112091136,800415744,1441,401,/input/data/work/ef/2575aef51c3d910314546934f8dcab,true,-,0,-,-,-,-,-,-,-,18,-,-,1,-,-,-,-,-,-,-,-,-,-,-,-,-,18,-,-,-,-,-,-,9,2,4,23,-
16,cpu08,-,8f/bd6672,nf-8fbd6672d3383ea5191b55cfee203880,task_sG1IterDecon,-,task_sG1IterDecon (16),COMPLETED,0,-,anonymized/nf_wfbench:skip_mem_v11,1,-,-,23396834345,1,1705188218307,1705188219000,1705188254000,35693,35528,-,28.8,0.1,72499200,1442304000,73523200,1443356672,122244372,800416587,1348,7843,112091136,800415744,877,451,/input/data/work/8f/bd6672d3383ea5191b55cfee203880,true,-,0,-,-,-,-,-,-,-,21,-,-,1,-,-,-,-,-,-,-,-,-,-,-,-,-,21,-,-,-,-,-,-,8,1,5,25,-
39,cpu08,-,ef/59cc74,nf-ef59cc74668fff298b4148d48b20ee33,task_sG1IterDecon,-,task_sG1IterDecon (39),COMPLETED,0,-,anonymized/nf_wfbench:skip_mem_v11,1,-,-,23396834345,1,1705188218349,1705188219000,1705188256000,37651,35789,-,26.9,0.1,72351744,1442304000,73375744,1443356672,122244371,800416586,1348,7843,112091136,800415744,1927,399,/input/data/work/ef/59cc74668fff298b4148d48b20ee33,true,-,0,-,-,-,-,-,-,-,19,-,-,1,-,-,-,-,-,-,-,-,-,-,-,-,-,19,-,-,-,-,-,-,8,1,5,26,-
1,cpu08,-,27/68ccb6,nf-2768ccb6cacbf20f8f1cb06413a7c286,task_sG1IterDecon,-,task_sG1IterDecon (1),COMPLETED,0,-,anonymized/nf_wfbench:skip_mem_v11,1,-,-,23396834345,1,1705188218389,1705188219000,1705188255000,36611,36037,-,28.6,0.1,72368128,1442304000,73392128,1443356672,122244372,800416587,1348,7843,112091136,800415744,1555,409,/input/data/work/27/68ccb6cacbf20f8f1cb06413a7c286,true,-,0,-,-,-,-,-,-,-,22,-,-,1,-,-,-,-,-,-,-,-,-,-,-,-,-,22,-,-,-,-,-,-,8,1,6,24,-
43,cpu07,-,3a/c0073d,nf-3ac0073d625ba907e3bae0054be6b762,task_sG1IterDecon,-,task_sG1IterDecon (43),COMPLETED,0,-,anonymized/nf_wfbench:skip_mem_v11,1,-,-,23396834345,1,1705188218430,1705188219000,1705188265000,46570,45266,-,23.2,0.1,72441856,1442304000,73465856,1443356672,122244429,800416589,1348,7843,112091136,800415744,804,187,/input/data/work/3a/c0073d625ba907e3bae0054be6b762,true,-,0,-,-,-,-,-,-,-,18,-,-,1,-,-,-,-,-,-,-,-,-,-,-,-,-,18,-,-,-,-,-,-,10,1,5,24,-
23,cpu07,-,99/33c2b4,nf-9933c2b4a34c3bf8b88100f1651d943b,task_sG1IterDecon,-,task_sG1IterDecon (23),COMPLETED,0,-,anonymized/nf_wfbench:skip_mem_v11,1,-,-,23396834345,1,1705188218472,1705188219000,1705188265000,46528,45374,-,20.4,0.1,71393280,1437163520,71393280,1437163520,122244428,800416588,1348,7843,112091136,800415744,654,191,/input/data/work/99/33c2b4a34c3bf8b88100f1651d943b,true,-,0,-,-,-,-,-,-,-,19,-,-,1,-,-,-,-,-,-,-,-,-,-,-,-,-,19,-,-,-,-,-,-,10,1,5,24,-
29,cpu07,-,44/7f4a98,nf-447f4a98eef3d6c7cfb8e7e7f71f26cd,task_sG1IterDecon,-,task_sG1IterDecon (29),COMPLETED,0,-,anonymized/nf_wfbench:skip_mem_v11,1,-,-,23396834345,1,1705188218506,1705188219000,1705188265000,46494,45373,-,20.8,0.1,71229440,1437163520,71229440,1437163520,122244428,800416588,1348,7843,112091136,800415744,684,200,/input/data/work/44/7f4a98eef3d6c7cfb8e7e7f71f26cd,true,-,0,-,-,-,-,-,-,-,18,-,-,1,-,-,-,-,-,-,-,-,-,-,-,-,-,18,-,-,-,-,-,-,8,1,4,20,-
25,cpu07,-,c7/6bb30c,nf-c76bb30c5f704939d59a61672262b504,task_sG1IterDecon,-,task_sG1IterDecon (25),COMPLETED,0,-,anonymized/nf_wfbench:skip_mem_v11,1,-,-,23396834345,1,1705188218546,1705188219000,1705188265000,46454,43385,-,25.4,0.1,72019968,1442304000,73039872,1443356672,122244429,800416589,1348,7843,112091136,800415744,955,234,/input/data/work/c7/6bb30c5f704939d59a61672262b504,true,-,0,-,-,-,-,-,-,-,17,-,-,1,-,-,-,-,-,-,-,-,-,-,-,-,-,17,-,-,-,-,-,-,9,1,4,23,-
26,cpu07,-,28/5a5c9d,nf-285a5c9d0bded590a419a2ebf8f1e34d,task_sG1IterDecon,-,task_sG1IterDecon (26),COMPLETED,0,-,anonymized/nf_wfbench:skip_mem_v11,1,-,-,23396834345,1,1705188218594,1705188219000,1705188265000,46406,45562,-,21.1,0.1,71315456,1437163520,71315456,1437163520,122244428,800416588,1348,7843,112091136,800415744,927,195,/input/data/work/28/5a5c9d0bded590a419a2ebf8f1e34d,true,-,0,-,-,-,-,-,-,-,18,-,-,1,-,-,-,-,-,-,-,-,-,-,-,-,-,18,-,-,-,-,-,-,7,1,5,34,-
7,cpu06,-,b0/4db696,nf-b04db6967109105017fc337af3120694,task_sG1IterDecon,-,task_sG1IterDecon (7),COMPLETED,0,-,anonymized/nf_wfbench:skip_mem_v11,1,-,-,23396834345,1,1705188218632,1705188219000,1705188264000,45368,44105,-,25.4,0.1,72011776,1442304000,73035776,1443356672,122244376,800416587,1348,7843,112091136,800415744,1299,228,/input/data/work/b0/4db6967109105017fc337af3120694,true,-,0,-,-,-,-,-,-,-,14,-,-,1,-,-,-,-,-,-,-,-,-,-,-,-,-,14,-,-,-,-,-,-,10,1,4,22,-
20,cpu06,-,7d/75b6f4,nf-7d75b6f4ddfd508757d6fb1878c0ed09,task_sG1IterDecon,-,task_sG1IterDecon (20),COMPLETED,0,-,anonymized/nf_wfbench:skip_mem_v11,1,-,-,23396834345,1,1705188218673,1705188219000,1705188265000,46327,44147,-,24.7,0.1,72396800,1442430976,73400320,1443483648,122244375,800416587,1348,7843,112091136,800415744,817,208,/input/data/work/7d/75b6f4ddfd508757d6fb1878c0ed09,true,-,0,-,-,-,-,-,-,-,19,-,-,1,-,-,-,-,-,-,-,-,-,-,-,-,-,18,-,-,-,-,-,-,8,1,5,26,-
3,cpu06,-,48/6e5b94,nf-486e5b944863f780202ac532e9d49234,task_sG1IterDecon,-,task_sG1IterDecon (3),COMPLETED,0,-,anonymized/nf_wfbench:skip_mem_v11,1,-,-,23396834345,1,1705188218710,1705188219000,1705188263000,44290,43650,-,24.7,0.1,72478720,1442304000,73502720,1443356672,122244375,800416587,1348,7843,112091136,800415744,1022,227,/input/data/work/48/6e5b944863f780202ac532e9d49234,true,-,0,-,-,-,-,-,-,-,16,-,-,1,-,-,-,-,-,-,-,-,-,-,-,-,-,16,-,-,-,-,-,-,9,0,5,22,-
14,cpu06,-,5d/2efa6f,nf-5d2efa6f8e049a250b9f3d1c5f445c53,task_sG1IterDecon,-,task_sG1IterDecon (14),COMPLETED,0,-,anonymized/nf_wfbench:skip_mem_v11,1,-,-,23396834345,1,1705188218747,1705188220000,1705188265000,46253,42646,-,25.8,0.1,72335360,1442304000,73359360,1443356672,122244375,800416587,1348,7843,112091136,800415744,1345,255,/input/data/work/5d/2efa6f8e049a250b9f3d1c5f445c53,true,-,0,-,-,-,-,-,-,-,16,-,-,1,-,-,-,-,-,-,-,-,-,-,-,-,-,16,-,-,-,-,-,-,8,1,4,22,-
32,cpu06,-,e7/0bb2bb,nf-e70bb2bb7c96a2cb0a8da2e732a7af13,task_sG1IterDecon,-,task_sG1IterDecon (32),COMPLETED,0,-,anonymized/nf_wfbench:skip_mem_v11,1,-,-,23396834345,1,1705188218783,1705188220000,1705188265000,46217,42758,-,26.2,0.1,72126464,1442304000,73150464,1443356672,122244375,800416587,1348,7843,112091136,800415744,904,238,/input/data/work/e7/0bb2bb7c96a2cb0a8da2e732a7af13,true,-,0,-,-,-,-,-,-,-,16,-,-,1,-,-,-,-,-,-,-,-,-,-,-,-,-,15,-,-,-,-,-,-,8,1,5,21,-
9,cpu03,-,fe/f7b8c9,nf-fef7b8c9882a07cc9e6f7165aaf5c5a0,task_sG1IterDecon,-,task_sG1IterDecon (9),COMPLETED,0,-,anonymized/nf_wfbench:skip_mem_v11,1,-,-,23396834345,1,1705188218820,1705188219000,1705188266000,47180,46278,-,22.2,0.1,72019968,1442304000,73035776,1443356672,122244429,800416589,1348,7843,112091136,800415744,1468,445,/input/data/work/fe/f7b8c9882a07cc9e6f7165aaf5c5a0,true,-,0,-,-,-,-,-,-,-,16,-,-,1,-,-,-,-,-,-,-,-,-,-,-,-,-,16,-,-,-,-,-,-,8,0,4,24,-
49,cpu03,-,28/4d8415,nf-284d8415077e573ea858d78914d98639,task_sG1IterDecon,-,task_sG1IterDecon (49),COMPLETED,0,-,anonymized/nf_wfbench:skip_mem_v11,1,-,-,23396834345,1,1705188218858,1705188219000,1705188266000,47142,46396,-,21.2,0.1,72146944,1442304000,73162752,1443356672,122244427,800416588,1348,7843,112091136,800415744,1213,434,/input/data/work/28/4d8415077e573ea858d78914d98639,true,-,0,-,-,-,-,-,-,-,16,-,-,1,-,-,-,-,-,-,-,-,-,-,-,-,-,16,-,-,-,-,-,-,9,1,4,23,-
30,cpu03,-,0a/e86bfa,nf-0ae86bfa0885ea9e41c901753d6e2525,task_sG1IterDecon,-,task_sG1IterDecon (30),COMPLETED,0,-,anonymized/nf_wfbench:skip_mem_v11,1,-,-,23396834345,1,1705188218901,1705188219000,1705188266000,47099,46267,-,22.3,0.1,72138752,1442304000,73158656,1443356672,122244427,800416589,1348,7843,112091136,800415744,1107,514,/input/data/work/0a/e86bfa0885ea9e41c901753d6e2525,true,-,0,-,-,-,-,-,-,-,16,-,-,1,-,-,-,-,-,-,-,-,-,-,-,-,-,16,-,-,-,-,-,-,8,1,4,29,-
51,cpu03,-,0a/0cb426,nf-0a0cb42648ffa7675768ff3a244773ee,task_sG1IterDecon,-,task_sG1IterDecon (51),COMPLETED,0,-,anonymized/nf_wfbench:skip_mem_v11,1,-,-,23396834345,1,1705188218937,1705188220000,1705188266000,47063,44846,-,23.9,0.1,72204288,1442304000,73228288,1443356672,122244429,800416589,1348,7843,112091136,800415744,720,194,/input/data/work/0a/0cb42648ffa7675768ff3a244773ee,true,-,0,-,-,-,-,-,-,-,16,-,-,1,-,-,-,-,-,-,-,-,-,-,-,-,-,16,-,-,-,-,-,-,8,1,3,23,-
12,cpu03,-,83/58337a,nf-8358337a5881b5d0ef39e8f9aa5944fa,task_sG1IterDecon,-,task_sG1IterDecon (12),COMPLETED,0,-,anonymized/nf_wfbench:skip_mem_v11,1,-,-,23396834345,1,1705188218975,1705188219000,1705188266000,47025,46246,-,22.0,0.1,72052736,1442304000,73072640,1443356672,122244428,800416589,1348,7843,112091136,800415744,1083,450,/input/data/work/83/58337a5881b5d0ef39e8f9aa5944fa,true,-,0,-,-,-,-,-,-,-,15,-,-,1,-,-,-,-,-,-,-,-,-,-,-,-,-,15,-,-,-,-,-,-,9,0,5,22,-
15,cpu02,-,6f/010ee4,nf-6f010ee41ab552b2a36af18ad2387b28,task_sG1IterDecon,-,task_sG1IterDecon (15),COMPLETED,0,-,anonymized/nf_wfbench:skip_mem_v11,1,-,-,23396834345,1,1705188219013,1705188220000,1705188267000,47987,46186,-,23.4,0.1,72253440,1442304000,73277440,1443356672,122244433,800416589,1348,7843,112091136,800415744,1014,424,/input/data/work/6f/010ee41ab552b2a36af18ad2387b28,true,-,0,-,-,-,-,-,-,-,16,-,-,1,-,-,-,-,-,-,-,-,-,-,-,-,-,16,-,-,-,-,-,-,9,0,5,23,-
58,cpu02,-,73/3ba245,nf-733ba245fdb27088353ad5b90c91d253,task_sG1IterDecon,-,task_sG1IterDecon (58),COMPLETED,0,-,anonymized/nf_wfbench:skip_mem_v11,1,-,-,23396834345,1,1705188219046,1705188219000,1705188267000,47954,46553,-,23.1,0.1,72400896,1442304000,73420800,1443356672,122244431,800416589,1348,7843,112091136,800415744,1506,377,/input/data/work/73/3ba245fdb27088353ad5b90c91d253,true,-,0,-,-,-,-,-,-,-,15,-,-,1,-,-,-,-,-,-,-,-,-,-,-,-,-,15,-,-,-,-,-,-,8,1,3,20,-
8,cpu02,-,21/5d2a40,nf-215d2a405cf3b3e12f2babe68e4559ae,task_sG1IterDecon,-,task_sG1IterDecon (8),COMPLETED,0,-,anonymized/nf_wfbench:skip_mem_v11,1,-,-,23396834345,1,1705188219152,1705188220000,1705188267000,47848,45913,-,23.6,0.1,72318976,1442304000,73334784,1443356672,122244432,800416589,1348,7843,112091136,800415744,1635,413,/input/data/work/21/5d2a405cf3b3e12f2babe68e4559ae,true,-,0,-,-,-,-,-,-,-,16,-,-,1,-,-,-,-,-,-,-,-,-,-,-,-,-,16,-,-,-,-,-,-,7,0,4,23,-
182,cpu01,-,52/f42ff1,nf-52f42ff1df8ea95548d12c477a7493ac,task_sG1IterDecon,-,task_sG1IterDecon (182),COMPLETED,0,-,anonymized/nf_wfbench:skip_mem_v11,1,-,-,23396834345,1,1705188251705,1705188259000,1705188270000,18295,9546,-,115.0,0.0,72482816,1442304000,73506816,1443356672,122243955,800416581,1348,7843,0,800415744,14218,417,/input/data/work/52/f42ff1df8ea95548d12c477a7493ac,true,-,0,-,-,-,-,-,-,-,6117,-,-,21,-,-,-,-,-,-,-,-,-,-,-,-,-,187,-,-,-,-,-,-,28,1,2,23,-
180,cpu10,-,95/d29e6f,nf-95d29e6f2ab8897dcc44985262f83406,task_sG1IterDecon,-,task_sG1IterDecon (180),COMPLETED,0,-,anonymized/nf_wfbench:skip_mem_v11,1,-,-,23396834345,1,1705188252181,1705188257000,1705188271000,18819,13624,-,79.6,0.1,72019968,1442304000,73039872,1443356672,122244428,800416588,1348,7843,112091136,800415744,934,450,/input/data/work/95/d29e6f2ab8897dcc44985262f83406,true,-,0,-,-,-,-,-,-,-,3344,-,-,10,-,-,-,-,-,-,-,-,-,-,-,-,-,147,-,-,-,-,-,-,27,1,3,32,-
193,cpu09,-,18/d9952a,nf-18d9952a73b6f5e4e35550783c0cabb4,task_sG1IterDecon,-,task_sG1IterDecon (193),COMPLETED,0,-,anonymized/nf_wfbench:skip_mem_v11,1,-,-,23396834345,1,1705188252237,1705188256000,1705188271000,18763,13628,-,75.8,0.1,72015872,1442304000,73039872,1443356672,122244358,800416587,1348,7843,112107520,800415744,1013,475,/input/data/work/18/d9952a73b6f5e4e35550783c0cabb4,true,-,0,-,-,-,-,-,-,-,2735,-,-,8,-,-,-,-,-,-,-,-,-,-,-,-,-,79,-,-,-,-,-,-,26,1,3,25,-
188,cpu09,-,32/5db7c8,nf-325db7c8d6936c4bb8e814e9435fa945,task_sG1IterDecon,-,task_sG1IterDecon (188),COMPLETED,0,-,anonymized/nf_wfbench:skip_mem_v11,1,-,-,23396834345,1,1705188252294,1705188255000,1705188268000,15706,12502,-,83.7,0.0,72175616,1442304000,73199616,1443356672,122244357,800416587,1348,7843,112103424,800415744,2102,398,/input/data/work/32/5db7c8d6936c4bb8e814e9435fa945,true,-,0,-,-,-,-,-,-,-,2454,-,-,6,-,-,-,-,-,-,-,-,-,-,-,-,-,77,-,-,-,-,-,-,27,1,3,25,-
192,cpu09,-,b4/da42e8,nf-b4da42e8d731d211eb3b303f3c8191d7,task_sG1IterDecon,-,task_sG1IterDecon (192),COMPLETED,0,-,anonymized/nf_wfbench:skip_mem_v11,1,-,-,23396834345,1,1705188252388,1705188256000,1705188269000,16612,13360,-,78.3,0.1,71917568,1442304000,72941568,1443356672,122244357,800416587,1348,7843,112107520,800415744,801,436,/input/data/work/b4/da42e8d731d211eb3b303f3c8191d7,true,-,0,-,-,-,-,-,-,-,2204,-,-,4,-,-,-,-,-,-,-,-,-,-,-,-,-,92,-,-,-,-,-,-,30,1,3,59,-
187,cpu09,-,96/8c3641,nf-968c364181f779e614e1d12536d6382f,task_sG1IterDecon,-,task_sG1IterDecon (187),COMPLETED,0,-,anonymized/nf_wfbench:skip_mem_v11,1,-,-,23396834345,1,1705188252444,1705188254000,1705188266000,13556,11753,-,91.4,0.0,72085504,1442304000,73105408,1443356672,122244358,800416587,1348,7843,112107520,800415744,1028,499,/input/data/work/96/8c364181f779e614e1d12536d6382f,true,-,0,-,-,-,-,-,-,-,869,-,-,2,-,-,-,-,-,-,-,-,-,-,-,-,-,82,-,-,-,-,-,-,26,1,3,25,-
11,cpu02,-,3a/1fb4e4,nf-3a1fb4e4dda93f2395bd2c4e7f518ea8,task_sG1IterDecon,-,task_sG1IterDecon (11),COMPLETED,0,-,anonymized/nf_wfbench:skip_mem_v11,1,-,-,23396834345,1,1705188219082,1705188220000,1705188267000,47918,46168,-,22.7,0.1,72347648,1442304000,73363456,1443356672,122244432,800416589,1348,7843,112091136,800415744,1415,407,/input/data/work/3a/1fb4e4dda93f2395bd2c4e7f518ea8,true,-,0,-,-,-,-,-,-,-,14,-,-,1,-,-,-,-,-,-,-,-,-,-,-,-,-,14,-,-,-,-,-,-,9,1,4,21,-
22,cpu02,-,4b/fde315,nf-4bfde315c13f5e3f4d1713fbeb95a7d1,task_sG1IterDecon,-,task_sG1IterDecon (22),COMPLETED,0,-,anonymized/nf_wfbench:skip_mem_v11,1,-,-,23396834345,1,1705188219116,1705188219000,1705188267000,47884,46848,-,21.7,0.1,72409088,1442308096,73404416,1443360768,122244431,800416589,1348,7843,112091136,800415744,1064,357,/input/data/work/4b/fde315c13f5e3f4d1713fbeb95a7d1,true,-,0,-,-,-,-,-,-,-,16,-,-,1,-,-,-,-,-,-,-,-,-,-,-,-,-,16,-,-,-,-,-,-,9,1,4,19,-
195,cpu10,-,51/832ad8,nf-51832ad8b667555172ba98e608681d63,task_sG1IterDecon,-,task_sG1IterDecon (195),COMPLETED,0,-,anonymized/nf_wfbench:skip_mem_v11,1,-,-,23396834345,1,1705188252117,1705188257000,1705188275000,22883,16617,-,62.9,0.1,71901184,1442304000,72916992,1443356672,122244429,800416588,1348,7843,112091136,800415744,1549,431,/input/data/work/51/832ad8b667555172ba98e608681d63,true,-,0,-,-,-,-,-,-,-,3671,-,-,12,-,-,-,-,-,-,-,-,-,-,-,-,-,128,-,-,-,-,-,-,28,1,2,48,-
133,cpu01,-,25/e86349,nf-25e86349139598272c1e6ca8865303b8,task_sG1IterDecon,-,task_sG1IterDecon (133),COMPLETED,0,-,anonymized/nf_wfbench:skip_mem_v11,1,-,-,23396834345,1,1705188250738,1705188265000,1705188280000,29262,13442,-,79.0,0.0,72339456,1442304000,73359360,1443356672,122243955,800416580,1348,7843,0,800415744,1905,500,/input/data/work/25/e86349139598272c1e6ca8865303b8,true,-,0,-,-,-,-,-,-,-,13055,-,-,43,-,-,-,-,-,-,-,-,-,-,-,-,-,120,-,-,-,-,-,-,84,1,3,87,-
164,cpu01,-,5a/d1fc58,nf-5ad1fc58613b5cee62500bcafca2f238,task_sG1IterDecon,-,task_sG1IterDecon (164),COMPLETED,0,-,anonymized/nf_wfbench:skip_mem_v11,1,-,-,23396834345,1,1705188250879,1705188264000,1705188280000,29121,13420,-,75.5,0.0,72118272,1442304000,73134080,1443356672,122243955,800416580,1348,7843,0,800415744,12629,404,/input/data/work/5a/d1fc58613b5cee62500bcafca2f238,true,-,0,-,-,-,-,-,-,-,12784,-,-,41,-,-,-,-,-,-,-,-,-,-,-,-,-,137,-,-,-,-,-,-,43,1,3,93,-
172,cpu01,-,ce/466bff,nf-ce466bffdf2e4fcbaac7ec5159eb9d98,task_sG1IterDecon,-,task_sG1IterDecon (172),COMPLETED,0,-,anonymized/nf_wfbench:skip_mem_v11,1,-,-,23396834345,1,1705188251016,1705188264000,1705188280000,28984,13431,-,76.7,0.0,72376320,1442304000,73396224,1443356672,122243955,800416580,1348,7843,0,800415744,16246,501,/input/data/work/ce/466bffdf2e4fcbaac7ec5159eb9d98,true,-,0,-,-,-,-,-,-,-,11921,-,-,39,-,-,-,-,-,-,-,-,-,-,-,-,-,121,-,-,-,-,-,-,48,0,3,85,-
154,cpu01,-,c2/71b0fd,nf-c271b0fd636cb1740046f6bce7f9d431,task_sG1IterDecon,-,task_sG1IterDecon (154),COMPLETED,0,-,anonymized/nf_wfbench:skip_mem_v11,1,-,-,23396834345,1,1705188251096,1705188263000,1705188280000,28904,13415,-,79.6,0.0,72249344,1442304000,73265152,1443356672,122243956,800416580,1348,7843,0,800415744,6764,495,/input/data/work/c2/71b0fd636cb1740046f6bce7f9d431,true,-,0,-,-,-,-,-,-,-,11308,-,-,37,-,-,-,-,-,-,-,-,-,-,-,-,-,127,-,-,-,-,-,-,44,1,3,31,-
168,cpu09,-,87/577aba,nf-87577aba9047786d313dadaca7716068,task_sG1IterDecon,-,task_sG1IterDecon (168),COMPLETED,0,-,anonymized/nf_wfbench:skip_mem_v11,1,-,-,23396834345,1,1705188251265,1705188263000,1705188278000,26735,12275,-,86.3,0.1,71774208,1442304000,72794112,1443356672,122244356,800416587,1348,7843,112115712,800415744,781,479,/input/data/work/87/577aba9047786d313dadaca7716068,true,-,0,-,-,-,-,-,-,-,9793,-,-,34,-,-,-,-,-,-,-,-,-,-,-,-,-,137,-,-,-,-,-,-,38,1,3,29,-
176,cpu10,-,71/3c4ff4,nf-713c4ff4abcc824a853f2be96df6055d,task_sG1IterDecon,-,task_sG1IterDecon (176),COMPLETED,0,-,anonymized/nf_wfbench:skip_mem_v11,1,-,-,23396834345,1,1705188251471,1705188261000,1705188280000,28529,14974,-,64.8,0.1,71811072,1442304000,72826880,1443356672,122244427,800416587,1348,7843,112091136,800415744,317,468,/input/data/work/71/3c4ff4abcc824a853f2be96df6055d,true,-,0,-,-,-,-,-,-,-,7698,-,-,28,-,-,-,-,-,-,-,-,-,-,-,-,-,128,-,-,-,-,-,-,34,0,3,29,-
178,cpu08,-,8e/a62655,nf-8ea62655f23f3ab4b5ecfaa28e3a4a8f,task_sG1IterDecon,-,task_sG1IterDecon (178),COMPLETED,0,-,anonymized/nf_wfbench:skip_mem_v11,1,-,-,23396834345,1,1705188251650,1705188260000,1705188281000,29350,20078,-,53.4,0.1,72495104,1442304000,73515008,1443356672,122244373,800416587,1348,7843,112091136,800415744,723,417,/input/data/work/8e/a62655f23f3ab4b5ecfaa28e3a4a8f,true,-,0,-,-,-,-,-,-,-,6361,-,-,23,-,-,-,-,-,-,-,-,-,-,-,-,-,165,-,-,-,-,-,-,27,1,3,27,-
186,cpu08,-,1b/60e620,nf-1b60e6207d91f9ee1b29a514d9c37dc7,task_sG1IterDecon,-,task_sG1IterDecon (186),COMPLETED,0,-,anonymized/nf_wfbench:skip_mem_v11,1,-,-,23396834345,1,1705188251771,1705188260000,1705188280000,28229,18862,-,57.6,0.1,72052736,1442304000,73080832,1443356672,122244373,800416587,1348,7843,112091136,800415744,1198,468,/input/data/work/1b/60e6207d91f9ee1b29a514d9c37dc7,true,-,0,-,-,-,-,-,-,-,5845,-,-,19,-,-,-,-,-,-,-,-,-,-,-,-,-,201,-,-,-,-,-,-,28,1,3,33,-
183,cpu10,-,53/4529d4,nf-534529d42cc7ae8ffc015aca2b1bdd43,task_sG1IterDecon,-,task_sG1IterDecon (183),COMPLETED,0,-,anonymized/nf_wfbench:skip_mem_v11,1,-,-,23396834345,1,1705188251980,1705188258000,1705188278000,26020,17628,-,62.3,0.1,71823360,1442304000,72843264,1443356672,122244429,800416588,1348,7843,112091136,800415744,1459,448,/input/data/work/53/4529d42cc7ae8ffc015aca2b1bdd43,true,-,0,-,-,-,-,-,-,-,4833,-,-,16,-,-,-,-,-,-,-,-,-,-,-,-,-,127,-,-,-,-,-,-,27,1,3,107,-
196,cpu10,-,72/1c05c1,nf-721c05c1c5b82616a4f6e999ba13eabf,task_sG1IterDecon,-,task_sG1IterDecon (196),COMPLETED,0,-,anonymized/nf_wfbench:skip_mem_v11,1,-,-,23396834345,1,1705188252037,1705188258000,1705188278000,25963,17519,-,61.0,0.1,72138752,1442304000,73158656,1443356672,122244429,800416588,1348,7843,112091136,800415744,1479,475,/input/data/work/72/1c05c1c5b82616a4f6e999ba13eabf,true,-,0,-,-,-,-,-,-,-,4157,-,-,14,-,-,-,-,-,-,-,-,-,-,-,-,-,138,-,-,-,-,-,-,28,1,2,26,-
142,cpu01,-,31/cd2623,nf-31cd2623e35b19bd1c286ac8f0f0a23a,task_sG1IterDecon,-,task_sG1IterDecon (142),COMPLETED,0,-,anonymized/nf_wfbench:skip_mem_v11,1,-,-,23396834345,1,1705188247698,1705188273000,1705188285000,37302,9487,-,112.6,0.0,71950336,1442304000,72970240,1443356672,122243957,800416581,1348,7843,0,800415744,14803,402,/input/data/work/31/cd2623e35b19bd1c286ac8f0f0a23a,true,-,0,-,-,-,-,-,-,-,24510,-,-,79,-,-,-,-,-,-,-,-,-,-,-,-,-,147,-,-,-,-,-,-,77,1,3,59,-
185,cpu08,-,9b/80a9c9,nf-9b80a9c93d2ffe01176ebefc5ac8bf29,task_sG1IterDecon,-,task_sG1IterDecon (185),COMPLETED,0,-,anonymized/nf_wfbench:skip_mem_v11,1,-,-,23396834345,1,1705188251336,1705188261000,1705188282000,30664,19964,-,53.8,0.1,72138752,1442304000,73158656,1443356672,122244373,800416587,1348,7843,112091136,800415744,1014,450,/input/data/work/9b/80a9c93d2ffe01176ebefc5ac8bf29,true,-,0,-,-,-,-,-,-,-,8426,-,-,32,-,-,-,-,-,-,-,-,-,-,-,-,-,170,-,-,-,-,-,-,38,1,3,29,-
181,cpu08,-,e9/8f9ba3,nf-e98f9ba398b0f5298c41f757361cc6d9,task_sG1IterDecon,-,task_sG1IterDecon (181),COMPLETED,0,-,anonymized/nf_wfbench:skip_mem_v11,1,-,-,23396834345,1,1705188251405,1705188261000,1705188282000,30595,20158,-,52.1,0.1,72040448,1442304000,73064448,1443356672,122244372,800416587,1348,7843,112091136,800415744,525,419,/input/data/work/e9/8f9ba398b0f5298c41f757361cc6d9,true,-,0,-,-,-,-,-,-,-,7917,-,-,30,-,-,-,-,-,-,-,-,-,-,-,-,-,136,-,-,-,-,-,-,36,1,2,29,-
177,cpu08,-,9a/54d1f2,nf-9a54d1f2c61f2fba143a5c387ae295d9,task_sG1IterDecon,-,task_sG1IterDecon (177),COMPLETED,0,-,anonymized/nf_wfbench:skip_mem_v11,1,-,-,23396834345,1,1705188251591,1705188261000,1705188282000,30409,20555,-,52.9,0.1,72314880,1442304000,73338880,1443356672,122244372,800416587,1348,7843,112091136,800415744,1881,399,/input/data/work/9a/54d1f2c61f2fba143a5c387ae295d9,true,-,0,-,-,-,-,-,-,-,7048,-,-,25,-,-,-,-,-,-,-,-,-,-,-,-,-,116,-,-,-,-,-,-,27,1,3,28,-
197,cpu09,-,0f/311b0a,nf-0f311b0a133f7a8c8775ed0681334724,task_sG1IterDecon,-,task_sG1IterDecon (197),COMPLETED,0,-,anonymized/nf_wfbench:skip_mem_v11,1,-,-,23396834345,1,1705188251841,1705188269000,1705188288000,36159,16106,-,66.6,0.1,72060928,1442304000,73084928,1443356672,122244357,800416587,1348,7843,112115712,800415744,605,399,/input/data/work/0f/311b0a133f7a8c8775ed0681334724,true,-,0,-,-,-,-,-,-,-,16712,-,-,42,-,-,-,-,-,-,-,-,-,-,-,-,-,172,-,-,-,-,-,-,29,0,4,37,-
165,cpu06,-,c1/284045,nf-c1284045cb0c815ebeb1ac1edf8bcb26,task_sG1IterDecon,-,task_sG1IterDecon (165),COMPLETED,0,-,anonymized/nf_wfbench:skip_mem_v11,1,-,-,23396834345,1,1705188250285,1705188267000,1705188291000,40715,24032,-,41.0,0.1,72118272,1442304000,73142272,1443356672,122244374,800416586,1348,7843,112091136,800415744,403,243,/input/data/work/c1/284045cb0c815ebeb1ac1edf8bcb26,true,-,0,-,-,-,-,-,-,-,15978,-,-,48,-,-,-,-,-,-,-,-,-,-,-,-,-,97,-,-,-,-,-,-,48,1,3,33,-
163,cpu06,-,8c/3c160c,nf-8c3c160cce91073b5c6527f0f647f3b7,task_sG1IterDecon,-,task_sG1IterDecon (163),COMPLETED,0,-,anonymized/nf_wfbench:skip_mem_v11,1,-,-,23396834345,1,1705188250423,1705188267000,1705188291000,40577,24025,-,40.2,0.1,71761920,1442304000,72785920,1443356672,122244375,800416586,1348,7843,112091136,800415744,946,228,/input/data/work/8c/3c160cce91073b5c6527f0f647f3b7,true,-,0,-,-,-,-,-,-,-,15721,-,-,46,-,-,-,-,-,-,-,-,-,-,-,-,-,89,-,-,-,-,-,-,76,1,3,57,-
127,cpu01,-,77/dfa2d5,nf-77dfa2d5da90fbf0eb4ac117f7b7d6e9,task_sG1IterDecon,-,task_sG1IterDecon (127),COMPLETED,0,-,anonymized/nf_wfbench:skip_mem_v11,1,-,-,23396834345,1,1705188245773,1705188283000,1705188300000,54227,14549,-,72.1,0.0,71880704,1442304000,72904704,1443356672,122243955,800416580,1348,7843,0,800415744,13735,489,/input/data/work/77/dfa2d5da90fbf0eb4ac117f7b7d6e9,true,-,0,-,-,-,-,-,-,-,37108,-,-,100,-,-,-,-,-,-,-,-,-,-,-,-,-,152,-,-,-,-,-,-,76,1,3,88,-
132,cpu01,-,1a/716664,nf-1a7166640ca5488885613b62283b4bae,task_sG1IterDecon,-,task_sG1IterDecon (132),COMPLETED,0,-,anonymized/nf_wfbench:skip_mem_v11,1,-,-,23396834345,1,1705188245949,1705188284000,1705188300000,54051,14527,-,71.6,0.0,72388608,1442304000,73412608,1443356672,122243956,800416580,1348,7843,0,800415744,10723,400,/input/data/work/1a/7166640ca5488885613b62283b4bae,true,-,0,-,-,-,-,-,-,-,37105,-,-,99,-,-,-,-,-,-,-,-,-,-,-,-,-,287,-,-,-,-,-,-,63,1,2,109,-
145,cpu01,-,aa/af30e5,nf-aaaf30e550743d5d7592ea52cef56c9c,task_sG1IterDecon,-,task_sG1IterDecon (145),COMPLETED,0,-,anonymized/nf_wfbench:skip_mem_v11,1,-,-,23396834345,1,1705188246102,1705188283000,1705188300000,53898,14519,-,74.2,0.0,72208384,1442304000,73228288,1443356672,122243956,800416580,1348,7843,0,800415744,8386,486,/input/data/work/aa/af30e550743d5d7592ea52cef56c9c,true,-,0,-,-,-,-,-,-,-,36498,-,-,97,-,-,-,-,-,-,-,-,-,-,-,-,-,300,-,-,-,-,-,-,91,0,3,58,-
179,cpu09,-,7a/2fefad,nf-7a2fefad36bac77b0402ab2c3a130f28,task_sG1IterDecon,-,task_sG1IterDecon (179),COMPLETED,0,-,anonymized/nf_wfbench:skip_mem_v11,1,-,-,23396834345,1,1705188247258,1705188276000,1705188302000,54742,22877,-,45.9,0.1,72323072,1442304000,73347072,1443356672,122244358,800416587,1348,7843,112119808,800415744,680,276,/input/data/work/7a/2fefad36bac77b0402ab2c3a130f28,true,-,0,-,-,-,-,-,-,-,26348,-,-,84,-,-,-,-,-,-,-,-,-,-,-,-,-,113,-,-,-,-,-,-,166,1,2,77,-
184,cpu09,-,0d/3e7081,nf-0d3e70814eabd32310f32fbd711c7e48,task_sG1IterDecon,-,task_sG1IterDecon (184),COMPLETED,0,-,anonymized/nf_wfbench:skip_mem_v11,1,-,-,23396834345,1,1705188248068,1705188272000,1705188298000,49932,24486,-,44.4,0.1,71962624,1442304000,72986624,1443356672,122244357,800416587,1348,7843,112119808,800415744,438,201,/input/data/work/0d/3e70814eabd32310f32fbd711c7e48,true,-,0,-,-,-,-,-,-,-,23301,-,-,77,-,-,-,-,-,-,-,-,-,-,-,-,-,100,-,-,-,-,-,-,225,1,3,140,-
160,cpu09,-,eb/127d48,nf-eb127d48e411ebb998dcc322dedb7315,task_sG1IterDecon,-,task_sG1IterDecon (160),COMPLETED,0,-,anonymized/nf_wfbench:skip_mem_v11,1,-,-,23396834345,1,1705188249194,1705188272000,1705188297000,47806,23866,-,45.5,0.1,72069120,1442304000,73093120,1443356672,122244357,800416587,1348,7843,112119808,800415744,682,232,/input/data/work/eb/127d48e411ebb998dcc322dedb7315,true,-,0,-,-,-,-,-,-,-,21418,-,-,71,-,-,-,-,-,-,-,-,-,-,-,-,-,231,-,-,-,-,-,-,101,1,3,79,-
171,cpu06,-,2b/59493e,nf-2b59493ec794fdab901b624d168027d9,task_sG1IterDecon,-,task_sG1IterDecon (171),COMPLETED,0,-,anonymized/nf_wfbench:skip_mem_v11,1,-,-,23396834345,1,1705188249795,1705188268000,1705188302000,52205,31331,-,30.1,0.1,71966720,1442304000,72990720,1443356672,122244374,800416586,1348,7843,112091136,800415744,1117,270,/input/data/work/2b/59493ec794fdab901b624d168027d9,true,-,0,-,-,-,-,-,-,-,17667,-,-,55,-,-,-,-,-,-,-,-,-,-,-,-,-,69,-,-,-,-,-,-,83,1,3,94,-
169,cpu06,-,c8/67cd04,nf-c867cd041a0ec169a1cb1f6f861c9ca3,task_sG1IterDecon,-,task_sG1IterDecon (169),COMPLETED,0,-,anonymized/nf_wfbench:skip_mem_v11,1,-,-,23396834345,1,1705188250056,1705188268000,1705188302000,51944,31337,-,29.5,0.1,72159232,1442304000,73179136,1443356672,122244375,800416586,1348,7843,112091136,800415744,1887,281,/input/data/work/c8/67cd041a0ec169a1cb1f6f861c9ca3,true,-,0,-,-,-,-,-,-,-,17293,-,-,52,-,-,-,-,-,-,-,-,-,-,-,-,-,77,-,-,-,-,-,-,65,1,3,69,-
152,cpu06,-,01/69ba7c,nf-0169ba7c033c8726602de0396ed80468,task_sG1IterDecon,-,task_sG1IterDecon (152),COMPLETED,0,-,anonymized/nf_wfbench:skip_mem_v11,1,-,-,23396834345,1,1705188250199,1705188268000,1705188302000,51801,31328,-,30.2,0.1,72257536,1442304000,73277440,1443356672,122244373,800416586,1348,7843,112091136,800415744,1477,304,/input/data/work/01/69ba7c033c8726602de0396ed80468,true,-,0,-,-,-,-,-,-,-,17034,-,-,50,-,-,-,-,-,-,-,-,-,-,-,-,-,86,-,-,-,-,-,-,87,1,3,51,-
34,cpu01,-,44/a0cfed,nf-44a0cfed5113e4a650726063522e3b86,task_sG1IterDecon,-,task_sG1IterDecon (34),COMPLETED,0,-,anonymized/nf_wfbench:skip_mem_v11,1,-,-,23396834345,1,1705188219371,1705188283000,1705188300000,80629,14348,-,74.7,0.0,72265728,1442304000,73285632,1443356672,122243957,800416580,1348,7843,0,800415744,4735,494,/input/data/work/44/a0cfed5113e4a650726063522e3b86,true,-,0,-,-,-,-,-,-,-,63079,-,-,215,-,-,-,-,-,-,-,-,-,-,-,-,-,149,-,-,-,-,-,-,8,0,4,25,-
122,cpu09,-,f5/7d41c5,nf-f57d41c5ffb8718c26b6f8167581a47a,task_sG1IterDecon,-,task_sG1IterDecon (122),COMPLETED,0,-,anonymized/nf_wfbench:skip_mem_v11,1,-,-,23396834345,1,1705188244464,1705188292000,1705188308000,63536,14920,-,72.0,0.1,72065024,1442304000,73089024,1443356672,122244356,800416587,1348,7843,112119808,800415744,170,400,/input/data/work/f5/7d41c5ffb8718c26b6f8167581a47a,true,-,0,-,-,-,-,-,-,-,46023,-,-,113,-,-,-,-,-,-,-,-,-,-,-,-,-,165,-,-,-,-,-,-,134,0,3,44,-
120,cpu01,-,c9/f65d43,nf-c9f65d43eee476c89c5b260ebfb3c5a7,task_sG1IterDecon,-,task_sG1IterDecon (120),COMPLETED,0,-,anonymized/nf_wfbench:skip_mem_v11,1,-,-,23396834345,1,1705188244797,1705188288000,1705188305000,60203,12332,-,85.5,0.0,72392704,1442304000,73416704,1443356672,122243956,800416580,1348,7843,0,800415744,4229,401,/input/data/work/c9/f65d43eee476c89c5b260ebfb3c5a7,true,-,0,-,-,-,-,-,-,-,42392,-,-,110,-,-,-,-,-,-,-,-,-,-,-,-,-,84,-,-,-,-,-,-,107,0,3,51,-
148,cpu08,-,c9/b942b5,nf-c9b942b5eef38ed4b63c177bbb42fb60,task_sG1IterDecon,-,task_sG1IterDecon (148),COMPLETED,0,-,anonymized/nf_wfbench:skip_mem_v11,1,-,-,23396834345,1,1705188246385,1705188283000,1705188305000,58615,21541,-,47.7,0.1,72179712,1442304000,73199616,1443356672,122244372,800416587,1348,7843,112091136,800415744,731,326,/input/data/work/c9/b942b5eef38ed4b63c177bbb42fb60,true,-,0,-,-,-,-,-,-,-,35871,-,-,94,-,-,-,-,-,-,-,-,-,-,-,-,-,178,-,-,-,-,-,-,84,1,3,38,-
175,cpu09,-,e1/bb4fa7,nf-e1bb4fa77193eefb79704a1187b9f033,task_sG1IterDecon,-,task_sG1IterDecon (175),COMPLETED,0,-,anonymized/nf_wfbench:skip_mem_v11,1,-,-,23396834345,1,1705188246551,1705188284000,1705188305000,58449,18074,-,56.6,0.1,71806976,1442304000,72830976,1443356672,122244357,800416587,1348,7843,112115712,800415744,1135,226,/input/data/work/e1/bb4fa77193eefb79704a1187b9f033,true,-,0,-,-,-,-,-,-,-,34102,-,-,92,-,-,-,-,-,-,-,-,-,-,-,-,-,148,-,-,-,-,-,-,62,1,2,101,-
140,cpu10,-,43/916cef,nf-43916cef7e4b550ea410991d0a5f4f74,task_sG1IterDecon,-,task_sG1IterDecon (140),COMPLETED,0,-,anonymized/nf_wfbench:skip_mem_v11,1,-,-,23396834345,1,1705188247557,1705188274000,1705188304000,56443,26328,-,38.9,0.1,72024064,1442304000,73043968,1443356672,122244428,800416588,1348,7843,112091136,800415744,606,343,/input/data/work/43/916cef7e4b550ea410991d0a5f4f74,true,-,0,-,-,-,-,-,-,-,25894,-,-,81,-,-,-,-,-,-,-,-,-,-,-,-,-,195,-,-,-,-,-,-,79,0,3,54,-
150,cpu03,-,63/9166c4,nf-639166c4950ae2ec6491f24f6e006c88,task_sG1IterDecon,-,task_sG1IterDecon (150),COMPLETED,0,-,anonymized/nf_wfbench:skip_mem_v11,1,-,-,23396834345,1,1705188248288,1705188268000,1705188306000,57712,36907,-,26.7,0.1,72310784,1442304000,73330688,1443356672,122244428,800416588,1348,7843,112091136,800415744,657,309,/input/data/work/63/9166c4950ae2ec6491f24f6e006c88,true,-,0,-,-,-,-,-,-,-,19943,-,-,68,-,-,-,-,-,-,-,-,-,-,-,-,-,78,-,-,-,-,-,-,131,1,3,83,-
190,cpu03,-,2f/264846,nf-2f26484640048a1da960a393e86b40f5,task_sG1IterDecon,-,task_sG1IterDecon (190),COMPLETED,0,-,anonymized/nf_wfbench:skip_mem_v11,1,-,-,23396834345,1,1705188248475,1705188268000,1705188307000,58525,37862,-,26.4,0.1,72290304,1442304000,73310208,1443356672,122244428,800416588,1348,7843,112091136,800415744,756,468,/input/data/work/2f/26484640048a1da960a393e86b40f5,true,-,0,-,-,-,-,-,-,-,19753,-,-,66,-,-,-,-,-,-,-,-,-,-,-,-,-,80,-,-,-,-,-,-,54,1,3,129,-
189,cpu07,-,5e/d556a6,nf-5ed556a6a14cd47a47318a9afefd39b5,task_sG1IterDecon,-,task_sG1IterDecon (189),COMPLETED,0,-,anonymized/nf_wfbench:skip_mem_v11,1,-,-,23396834345,1,1705188248724,1705188268000,1705188309000,60276,40252,-,23.8,0.1,72282112,1442304000,73166848,1443356672,122244427,800416588,1348,7843,112091136,800415744,739,491,/input/data/work/5e/d556a6a14cd47a47318a9afefd39b5,true,-,0,-,-,-,-,-,-,-,19022,-,-,63,-,-,-,-,-,-,-,-,-,-,-,-,-,110,-,-,-,-,-,-,109,1,16,122,-
141,cpu07,-,59/3aa980,nf-593aa980d33233abeda74492f84e24d1,task_sG1IterDecon,-,task_sG1IterDecon (141),COMPLETED,0,-,anonymized/nf_wfbench:skip_mem_v11,1,-,-,23396834345,1,1705188249008,1705188269000,1705188309000,59992,40272,-,25.7,0.1,72056832,1442304000,73072640,1443356672,122244429,800416589,1348,7843,112091136,800415744,830,486,/input/data/work/59/3aa980d33233abeda74492f84e24d1,true,-,0,-,-,-,-,-,-,-,18855,-,-,63,-,-,-,-,-,-,-,-,-,-,-,-,-,71,-,-,-,-,-,-,168,1,3,111,-
191,cpu07,-,c9/b98bac,nf-c9b98bac2c5eeb5109a0a0973ffe84e6,task_sG1IterDecon,-,task_sG1IterDecon (191),COMPLETED,0,-,anonymized/nf_wfbench:skip_mem_v11,1,-,-,23396834345,1,1705188249410,1705188268000,1705188309000,59590,40085,-,25.7,0.1,71094272,1437155328,71094272,1437155328,122244429,800416589,1348,7843,112091136,800415744,1286,215,/input/data/work/c9/b98bac2c5eeb5109a0a0973ffe84e6,true,-,0,-,-,-,-,-,-,-,18208,-,-,59,-,-,-,-,-,-,-,-,-,-,-,-,-,68,-,-,-,-,-,-,114,1,3,98,-
159,cpu07,-,e6/148660,nf-e61486605875233a26454c6f387b3fec,task_sG1IterDecon,-,task_sG1IterDecon (159),COMPLETED,0,-,anonymized/nf_wfbench:skip_mem_v11,1,-,-,23396834345,1,1705188249613,1705188268000,1705188307000,57387,38521,-,26.5,0.1,72368128,1442304000,73392128,1443356672,122244427,800416589,1348,7843,112091136,800415744,1047,257,/input/data/work/e6/1486605875233a26454c6f387b3fec,true,-,0,-,-,-,-,-,-,-,17902,-,-,57,-,-,-,-,-,-,-,-,-,-,-,-,-,71,-,-,-,-,-,-,116,1,3,82,-
194,cpu02,-,a6/e641d3,nf-a6e641d34e8acf32b48f2f0ffede5b03,task_sG1IterDecon,-,task_sG1IterDecon (194),COMPLETED,0,-,anonymized/nf_wfbench:skip_mem_v11,1,-,-,23396834345,1,1705188249917,1705188271000,1705188309000,59083,34861,-,30.4,0.1,72560640,1442304000,73588736,1443356672,122244431,800416589,1348,7843,112091136,800415744,615,400,/input/data/work/a6/e641d34e8acf32b48f2f0ffede5b03,true,-,0,-,-,-,-,-,-,-,20424,-,-,66,-,-,-,-,-,-,-,-,-,-,-,-,-,86,-,-,-,-,-,-,84,1,3,33,-
161,cpu02,-,54/c4232e,nf-54c4232e645586ce6eabf46df5fc6e2b,task_sG1IterDecon,-,task_sG1IterDecon (161),COMPLETED,0,-,anonymized/nf_wfbench:skip_mem_v11,1,-,-,23396834345,1,1705188250563,1705188270000,1705188307000,56437,36139,-,25.4,0.1,72216576,1442304000,73236480,1443356672,122244430,800416588,1348,7843,112091136,800415744,1391,336,/input/data/work/54/c4232e645586ce6eabf46df5fc6e2b,true,-,0,-,-,-,-,-,-,-,18714,-,-,60,-,-,-,-,-,-,-,-,-,-,-,-,-,64,-,-,-,-,-,-,89,1,3,46,-
153,cpu02,-,8c/a61c8f,nf-8ca61c8f4935f77f71e2bb9241bf3d1a,task_sG1IterDecon,-,task_sG1IterDecon (153),COMPLETED,0,-,anonymized/nf_wfbench:skip_mem_v11,1,-,-,23396834345,1,1705188251193,1705188270000,1705188306000,54807,35888,-,26.0,0.1,72220672,1442304000,73236480,1443356672,122244430,800416588,1348,7843,112091136,800415744,1234,333,/input/data/work/8c/a61c8f4935f77f71e2bb9241bf3d1a,true,-,0,-,-,-,-,-,-,-,18004,-,-,54,-,-,-,-,-,-,-,-,-,-,-,-,-,61,-,-,-,-,-,-,57,0,4,34,-
173,cpu02,-,0b/51bb98,nf-0b51bb986fc58f08cb67af9d1c59caf2,task_sG1IterDecon,-,task_sG1IterDecon (173),COMPLETED,0,-,anonymized/nf_wfbench:skip_mem_v11,1,-,-,23396834345,1,1705188251531,1705188270000,1705188307000,55469,36136,-,25.5,0.1,72458240,1442304000,73469952,1443356672,122244431,800416588,1348,7843,112091136,800415744,1256,333,/input/data/work/0b/51bb986fc58f08cb67af9d1c59caf2,true,-,0,-,-,-,-,-,-,-,17590,-,-,48,-,-,-,-,-,-,-,-,-,-,-,-,-,68,-,-,-,-,-,-,28,1,2,28,-
37,cpu02,-,56/3757a6,nf-563757a6b9463c25fbb45cfd7860faec,task_sG1IterDecon,-,task_sG1IterDecon (37),COMPLETED,0,-,anonymized/nf_wfbench:skip_mem_v11,1,-,-,23396834345,1,1705188219449,1705188271000,1705188309000,89551,34673,-,30.1,0.1,72159232,1442304000,73187328,1443356672,122244431,800416589,1348,7843,112091136,800415744,693,412,/input/data/work/56/3757a6b9463c25fbb45cfd7860faec,true,-,0,-,-,-,-,-,-,-,51070,-,-,203,-,-,-,-,-,-,-,-,-,-,-,-,-,154,-,-,-,-,-,-,9,0,5,24,-
104,cpu06,-,e1/021272,nf-e1021272c904e696afacf6c9d54f1248,task_sG1IterDecon,-,task_sG1IterDecon (104),COMPLETED,0,-,anonymized/nf_wfbench:skip_mem_v11,1,-,-,23396834345,1,1705188243902,1705188295000,1705188314000,70098,18718,-,56.6,0.1,72306688,1442304000,73326592,1443356672,122244375,800416587,1348,7843,112091136,800415744,766,297,/input/data/work/e1/021272c904e696afacf6c9d54f1248,true,-,0,-,-,-,-,-,-,-,50437,-,-,117,-,-,-,-,-,-,-,-,-,-,-,-,-,89,-,-,-,-,-,-,84,1,3,44,-
115,cpu03,-,cd/495ca0,nf-cd495ca00eae671c929fccb6458b8601,task_sG1IterDecon,-,task_sG1IterDecon (115),COMPLETED,0,-,anonymized/nf_wfbench:skip_mem_v11,1,-,-,23396834345,1,1705188244039,1705188269000,1705188312000,67961,40427,-,25.9,0.1,72179712,1442304000,73199616,1443356672,122244427,800416589,1348,7843,112091136,800415744,955,320,/input/data/work/cd/495ca00eae671c929fccb6458b8601,true,-,0,-,-,-,-,-,-,-,24281,-,-,93,-,-,-,-,-,-,-,-,-,-,-,-,-,71,-,-,-,-,-,-,99,1,2,34,-
128,cpu07,-,45/83ce22,nf-4583ce226d04d679cac83c9f3c8bcc67,task_sG1IterDecon,-,task_sG1IterDecon (128),COMPLETED,0,-,anonymized/nf_wfbench:skip_mem_v11,1,-,-,23396834345,1,1705188244634,1705188268000,1705188309000,64366,40372,-,24.0,0.1,71950336,1442304000,72966144,1443356672,122244427,800416588,1348,7843,112091136,800415744,625,485,/input/data/work/45/83ce226d04d679cac83c9f3c8bcc67,true,-,0,-,-,-,-,-,-,-,23050,-,-,86,-,-,-,-,-,-,-,-,-,-,-,-,-,71,-,-,-,-,-,-,121,1,3,45,-
124,cpu08,-,4e/fb5e59,nf-4efb5e596f86c3bfec5f642fb597cd95,task_sG1IterDecon,-,task_sG1IterDecon (124),COMPLETED,0,-,anonymized/nf_wfbench:skip_mem_v11,1,-,-,23396834345,1,1705188245604,1705188284000,1705188310000,64396,24602,-,43.6,0.1,72355840,1442304000,73383936,1443356672,122244372,800416587,1348,7843,112091136,800415744,703,114,/input/data/work/4e/fb5e596f86c3bfec5f642fb597cd95,true,-,0,-,-,-,-,-,-,-,37546,-,-,102,-,-,-,-,-,-,-,-,-,-,-,-,-,97,-,-,-,-,-,-,118,1,3,41,-
136,cpu03,-,ac/49149a,nf-ac49149a2c17e7117badbcf6ade9ec35,task_sG1IterDecon,-,task_sG1IterDecon (136),COMPLETED,0,-,anonymized/nf_wfbench:skip_mem_v11,1,-,-,23396834345,1,1705188247420,1705188269000,1705188312000,64580,40339,-,25.1,0.1,72298496,1442304000,73322496,1443356672,122244428,800416589,1348,7843,112091136,800415744,800,316,/input/data/work/ac/49149a2c17e7117badbcf6ade9ec35,true,-,0,-,-,-,-,-,-,-,20941,-,-,73,-,-,-,-,-,-,-,-,-,-,-,-,-,112,-,-,-,-,-,-,101,0,3,57,-
48,cpu03,-,be/ba94d6,nf-beba94d632efa443231fd5d0717e17ca,task_sG1IterDecon,-,task_sG1IterDecon (48),COMPLETED,0,-,anonymized/nf_wfbench:skip_mem_v11,1,-,-,23396834345,1,1705188219410,1705188269000,1705188312000,92590,40217,-,26.3,0.1,72122368,1442304000,73146368,1443356672,122244427,800416589,1348,7843,112091136,800415744,585,335,/input/data/work/be/ba94d632efa443231fd5d0717e17ca,true,-,0,-,-,-,-,-,-,-,49105,-,-,199,-,-,-,-,-,-,-,-,-,-,-,-,-,134,-,-,-,-,-,-,7,1,4,26,-
157,cpu09,-,92/3504b0,nf-923504b0799b50748e478e221fe15fe4,task_sG1IterDecon,-,task_sG1IterDecon (157),COMPLETED,0,-,anonymized/nf_wfbench:skip_mem_v11,1,-,-,23396834345,1,1705188243385,1705188302000,1705188317000,73615,13937,-,71.2,0.1,72228864,1442304000,73248768,1443356672,122244356,800416586,1348,7843,112107520,800415744,613,443,/input/data/work/92/3504b0799b50748e478e221fe15fe4,true,-,0,-,-,-,-,-,-,-,57436,-,-,123,-,-,-,-,-,-,-,-,-,-,-,-,-,128,-,-,-,-,-,-,108,1,3,66,-
117,cpu09,-,aa/06eab6,nf-aa06eab6042bcf3d4cc9805636f5bb01,task_sG1IterDecon,-,task_sG1IterDecon (117),COMPLETED,0,-,anonymized/nf_wfbench:skip_mem_v11,1,-,-,23396834345,1,1705188243580,1705188300000,1705188317000,73420,14836,-,72.4,0.1,71938048,1442304000,72953856,1443356672,122244357,800416587,1348,7843,112107520,800415744,789,457,/input/data/work/aa/06eab6042bcf3d4cc9805636f5bb01,true,-,0,-,-,-,-,-,-,-,55975,-,-,121,-,-,-,-,-,-,-,-,-,-,-,-,-,94,-,-,-,-,-,-,133,1,3,57,-
102,cpu06,-,3c/163444,nf-3c163444d505fce7888d347c07542903,task_sG1IterDecon,-,task_sG1IterDecon (102),COMPLETED,0,-,anonymized/nf_wfbench:skip_mem_v11,1,-,-,23396834345,1,1705188243770,1705188295000,1705188314000,70230,18781,-,53.8,0.1,71954432,1442295808,72949760,1443348480,122244375,800416587,1348,7843,112091136,800415744,490,306,/input/data/work/3c/163444d505fce7888d347c07542903,true,-,0,-,-,-,-,-,-,-,50692,-,-,119,-,-,-,-,-,-,-,-,-,-,-,-,-,86,-,-,-,-,-,-,144,1,3,39,-
166,cpu08,-,1f/25a463,nf-1f25a463dab5e05445aabb89ba5e12e1,task_sG1IterDecon,-,task_sG1IterDecon (166),COMPLETED,0,-,anonymized/nf_wfbench:skip_mem_v11,1,-,-,23396834345,1,1705188244925,1705188287000,1705188316000,71075,25982,-,36.5,0.1,72331264,1442435072,73355264,1443487744,122244371,800416586,1348,7843,112091136,800415744,1396,333,/input/data/work/1f/25a463dab5e05445aabb89ba5e12e1,true,-,0,-,-,-,-,-,-,-,40321,-,-,108,-,-,-,-,-,-,-,-,-,-,-,-,-,107,-,-,-,-,-,-,73,1,3,50,-
123,cpu08,-,47/0e8414,nf-470e8414e654d35fe34ee7fa81695884,task_sG1IterDecon,-,task_sG1IterDecon (123),COMPLETED,0,-,anonymized/nf_wfbench:skip_mem_v11,1,-,-,23396834345,1,1705188245262,1705188287000,1705188316000,70738,25985,-,37.5,0.1,72298496,1442304000,73314304,1443356672,122244371,800416586,1348,7843,112091136,800415744,1983,287,/input/data/work/47/0e8414e654d35fe34ee7fa81695884,true,-,0,-,-,-,-,-,-,-,40128,-,-,106,-,-,-,-,-,-,-,-,-,-,-,-,-,250,-,-,-,-,-,-,87,1,2,67,-
170,cpu08,-,4a/052ebc,nf-4a052ebc4825831aed818134277c48ea,task_sG1IterDecon,-,task_sG1IterDecon (170),COMPLETED,0,-,anonymized/nf_wfbench:skip_mem_v11,1,-,-,23396834345,1,1705188245440,1705188287000,1705188316000,70560,26004,-,35.6,0.1,72290304,1442304000,73310208,1443356672,122244372,800416586,1348,7843,112091136,800415744,1963,308,/input/data/work/4a/052ebc4825831aed818134277c48ea,true,-,0,-,-,-,-,-,-,-,39672,-,-,104,-,-,-,-,-,-,-,-,-,-,-,-,-,149,-,-,-,-,-,-,78,0,3,96,-
174,cpu10,-,60/8499f1,nf-608499f111ca83a6bdfd21a5781e3a2e,task_sG1IterDecon,-,task_sG1IterDecon (174),COMPLETED,0,-,anonymized/nf_wfbench:skip_mem_v11,1,-,-,23396834345,1,1705188246259,1705188287000,1705188319000,72741,26284,-,40.3,0.1,72204288,1442304000,73228288,1443356672,122244430,800416588,1348,7843,112091136,800415744,1490,284,/input/data/work/60/8499f111ca83a6bdfd21a5781e3a2e,true,-,0,-,-,-,-,-,-,-,36435,-,-,96,-,-,-,-,-,-,-,-,-,-,-,-,-,394,-,-,-,-,-,-,116,1,3,36,-
158,cpu10,-,e1/912e56,nf-e1912e56bc399d6451b7b8b7a033b710,task_sG1IterDecon,-,task_sG1IterDecon (158),COMPLETED,0,-,anonymized/nf_wfbench:skip_mem_v11,1,-,-,23396834345,1,1705188246705,1705188283000,1705188318000,71295,31739,-,33.2,0.1,72105984,1442304000,73121792,1443356672,122244429,800416588,1348,7843,112091136,800415744,1706,268,/input/data/work/e1/912e56bc399d6451b7b8b7a033b710,true,-,0,-,-,-,-,-,-,-,33753,-,-,90,-,-,-,-,-,-,-,-,-,-,-,-,-,108,-,-,-,-,-,-,88,1,2,62,-
134,cpu10,-,c6/969126,nf-c696912667909bcec9f62f85f7132044,task_sG1IterDecon,-,task_sG1IterDecon (134),COMPLETED,0,-,anonymized/nf_wfbench:skip_mem_v11,1,-,-,23396834345,1,1705188246851,1705188283000,1705188318000,71149,31290,-,33.2,0.1,71876608,1442304000,72896512,1443356672,122244428,800416588,1348,7843,112091136,800415744,1162,268,/input/data/work/c6/96912667909bcec9f62f85f7132044,true,-,0,-,-,-,-,-,-,-,33468,-,-,88,-,-,-,-,-,-,-,-,-,-,-,-,-,98,-,-,-,-,-,-,108,0,3,34,-
138,cpu10,-,9c/f9c645,nf-9cf9c645b5769cdf1cde4c40fbaa5572,task_sG1IterDecon,-,task_sG1IterDecon (138),COMPLETED,0,-,anonymized/nf_wfbench:skip_mem_v11,1,-,-,23396834345,1,1705188247012,1705188279000,1705188314000,66988,33888,-,32.5,0.1,72085504,1442304000,73105408,1443356672,122244428,800416588,1348,7843,112091136,800415744,548,296,/input/data/work/9c/f9c645b5769cdf1cde4c40fbaa5572,true,-,0,-,-,-,-,-,-,-,30375,-,-,86,-,-,-,-,-,-,-,-,-,-,-,-,-,93,-,-,-,-,-,-,100,0,3,57,-
109,cpu09,-,23/e6a567,nf-23e6a5675fb6195d1656fc7ce45b17a0,task_sG1IterDecon,-,task_sG1IterDecon (109),COMPLETED,0,-,anonymized/nf_wfbench:skip_mem_v11,1,-,-,23396834345,1,1705188240875,1705188306000,1705188319000,78125,12689,-,77.8,0.1,72032256,1442435072,73060352,1443487744,122244355,800416586,1348,7843,112103424,800415744,832,485,/input/data/work/23/e6a5675fb6195d1656fc7ce45b17a0,true,-,0,-,-,-,-,-,-,-,64142,-,-,144,-,-,-,-,-,-,-,-,-,-,-,-,-,121,-,-,-,-,-,-,115,1,3,94,-
144,cpu06,-,1d/cd7d74,nf-1dcd7d74fe62be160c33f84a8a0ddd38,task_sG1IterDecon,-,task_sG1IterDecon (144),COMPLETED,0,-,anonymized/nf_wfbench:skip_mem_v11,1,-,-,23396834345,1,1705188241535,1705188305000,1705188320000,78465,12806,-,81.0,0.1,72187904,1442304000,73211904,1443356672,122244375,800416587,1348,7843,112091136,800415744,1209,459,/input/data/work/1d/cd7d74fe62be160c33f84a8a0ddd38,true,-,0,-,-,-,-,-,-,-,62926,-,-,138,-,-,-,-,-,-,-,-,-,-,-,-,-,114,-,-,-,-,-,-,54,1,3,38,-
151,cpu01,-,8f/38f4b7,nf-8f38f4b7e3291eb2fd44f53bd5093d65,task_sG1IterDecon,-,task_sG1IterDecon (151),COMPLETED,0,-,anonymized/nf_wfbench:skip_mem_v11,1,-,-,23396834345,1,1705188242273,1705188304000,1705188320000,77727,14429,-,68.4,0.0,72245248,1442304000,73265152,1443356672,122243955,800416579,1348,7843,0,800415744,2416,494,/input/data/work/8f/38f4b7e3291eb2fd44f53bd5093d65,true,-,0,-,-,-,-,-,-,-,60570,-,-,133,-,-,-,-,-,-,-,-,-,-,-,-,-,104,-,-,-,-,-,-,52,1,3,86,-
106,cpu01,-,9e/f73849,nf-9ef73849f592455f15e3aaea3fa72e85,task_sG1IterDecon,-,task_sG1IterDecon (106),COMPLETED,0,-,anonymized/nf_wfbench:skip_mem_v11,1,-,-,23396834345,1,1705188242449,1705188304000,1705188320000,77551,14380,-,71.0,0.0,72097792,1442304000,73121792,1443356672,122243957,800416580,1348,7843,0,800415744,3709,411,/input/data/work/9e/f73849f592455f15e3aaea3fa72e85,true,-,0,-,-,-,-,-,-,-,60267,-,-,132,-,-,-,-,-,-,-,-,-,-,-,-,-,107,-,-,-,-,-,-,85,1,6,83,-
155,cpu01,-,f0/345f72,nf-f0345f72efbd2cbf80f8848828dd0fe9,task_sG1IterDecon,-,task_sG1IterDecon (155),COMPLETED,0,-,anonymized/nf_wfbench:skip_mem_v11,1,-,-,23396834345,1,1705188242908,1705188303000,1705188320000,77092,14392,-,73.3,0.0,72065024,1442304000,73089024,1443356672,122243957,800416580,1348,7843,0,800415744,4464,507,/input/data/work/f0/345f72efbd2cbf80f8848828dd0fe9,true,-,0,-,-,-,-,-,-,-,59677,-,-,129,-,-,-,-,-,-,-,-,-,-,-,-,-,115,-,-,-,-,-,-,118,1,3,95,-
98,cpu01,-,6a/adb840,nf-6aadb840fc20435ef141e38d701908f2,task_sG1IterDecon,-,task_sG1IterDecon (98),COMPLETED,0,-,anonymized/nf_wfbench:skip_mem_v11,1,-,-,23396834345,1,1705188243035,1705188303000,1705188320000,76965,14110,-,76.6,0.0,72404992,1442304000,73428992,1443356672,122243956,800416580,1348,7843,0,800415744,2615,512,/input/data/work/6a/adb840fc20435ef141e38d701908f2,true,-,0,-,-,-,-,-,-,-,59413,-,-,127,-,-,-,-,-,-,-,-,-,-,-,-,-,126,-,-,-,-,-,-,90,0,3,33,-
137,cpu09,-,ca/b63429,nf-cab6342955acd4b6595e952f42548da7,task_sG1IterDecon,-,task_sG1IterDecon (137),COMPLETED,0,-,anonymized/nf_wfbench:skip_mem_v11,1,-,-,23396834345,1,1705188239900,1705188308000,1705188326000,86100,14442,-,66.9,0.1,72245248,1442304000,73273344,1443356672,122244357,800416586,1348,7843,112115712,800415744,411,442,/input/data/work/ca/b6342955acd4b6595e952f42548da7,true,-,0,-,-,-,-,-,-,-,67724,-,-,155,-,-,-,-,-,-,-,-,-,-,-,-,-,67,-,-,-,-,-,-,139,1,4,46,-
139,cpu01,-,f3/effc6a,nf-f3effc6ae47a3dbe1771f23532d9375d,task_sG1IterDecon,-,task_sG1IterDecon (139),COMPLETED,0,-,anonymized/nf_wfbench:skip_mem_v11,1,-,-,23396834345,1,1705188240043,1705188308000,1705188325000,84957,11861,-,88.6,0.0,72216576,1442304000,73240576,1443356672,122243957,800416580,1348,7843,0,800415744,4138,399,/input/data/work/f3/effc6ae47a3dbe1771f23532d9375d,true,-,0,-,-,-,-,-,-,-,67498,-,-,153,-,-,-,-,-,-,-,-,-,-,-,-,-,119,-,-,-,-,-,-,72,1,3,67,-
97,cpu08,-,b5/6e1270,nf-b56e1270f06adeafba436fd91d8de059,task_sG1IterDecon,-,task_sG1IterDecon (97),COMPLETED,0,-,anonymized/nf_wfbench:skip_mem_v11,1,-,-,23396834345,1,1705188240249,1705188308000,1705188327000,86751,14086,-,77.2,0.1,72531968,1442304000,73555968,1443356672,122244373,800416587,1348,7843,112091136,800415744,434,500,/input/data/work/b5/6e1270f06adeafba436fd91d8de059,true,-,0,-,-,-,-,-,-,-,67156,-,-,151,-,-,-,-,-,-,-,-,-,-,-,-,-,115,-,-,-,-,-,-,117,1,2,86,-
91,cpu10,-,15/fcbe1d,nf-15fcbe1d3f05f40a590d2566f6da08fb,task_sG1IterDecon,-,task_sG1IterDecon (91),COMPLETED,0,-,anonymized/nf_wfbench:skip_mem_v11,1,-,-,23396834345,1,1705188240406,1705188307000,1705188323000,82594,14222,-,75.2,0.1,72216576,1442304000,73240576,1443356672,122244428,800416588,1348,7843,112091136,800415744,433,445,/input/data/work/15/fcbe1d3f05f40a590d2566f6da08fb,true,-,0,-,-,-,-,-,-,-,66160,-,-,149,-,-,-,-,-,-,-,-,-,-,-,-,-,64,-,-,-,-,-,-,112,0,3,42,-
143,cpu06,-,7d/27c929,nf-7d27c929a48a13af334137ff05193c86,task_sG1IterDecon,-,task_sG1IterDecon (143),COMPLETED,0,-,anonymized/nf_wfbench:skip_mem_v11,1,-,-,23396834345,1,1705188240661,1705188306000,1705188325000,84339,15927,-,66.0,0.1,72355840,1442304000,73371648,1443356672,122244376,800416587,1348,7843,112091136,800415744,1956,432,/input/data/work/7d/27c929a48a13af334137ff05193c86,true,-,0,-,-,-,-,-,-,-,64493,-,-,146,-,-,-,-,-,-,-,-,-,-,-,-,-,122,-,-,-,-,-,-,59,1,3,52,-
147,cpu06,-,d0/935b60,nf-d0935b60c6612e3e5c86897dfae660bc,task_sG1IterDecon,-,task_sG1IterDecon (147),COMPLETED,0,-,anonymized/nf_wfbench:skip_mem_v11,1,-,-,23396834345,1,1705188241438,1705188306000,1705188325000,83562,15678,-,68.3,0.1,72159232,1442304000,73183232,1443356672,122244375,800416587,1348,7843,112091136,800415744,2085,475,/input/data/work/d0/935b60c6612e3e5c86897dfae660bc,true,-,0,-,-,-,-,-,-,-,63442,-,-,140,-,-,-,-,-,-,-,-,-,-,-,-,-,134,-,-,-,-,-,-,88,1,3,84,-
162,cpu09,-,f1/f00915,nf-f1f00915041821b1e690f32dcd936e65,task_sG1IterDecon,-,task_sG1IterDecon (162),COMPLETED,0,-,anonymized/nf_wfbench:skip_mem_v11,1,-,-,23396834345,1,1705188244282,1705188312000,1705188332000,87718,14903,-,70.0,0.1,72015872,1442304000,73035776,1443356672,122244357,800416587,1348,7843,112115712,800415744,235,436,/input/data/work/f1/f00915041821b1e690f32dcd936e65,true,-,0,-,-,-,-,-,-,-,66327,-,-,136,-,-,-,-,-,-,-,-,-,-,-,-,-,72,-,-,-,-,-,-,133,1,2,105,-
118,cpu08,-,e3/1343a5,nf-e31343a59b4be18b9d0385a80cb94f1e,task_sG1IterDecon,-,task_sG1IterDecon (118),COMPLETED,0,-,anonymized/nf_wfbench:skip_mem_v11,1,-,-,23396834345,1,1705188238011,1705188314000,1705188334000,95989,14546,-,72.1,0.1,72118272,1442304000,73138176,1443356672,122244372,800416587,1348,7843,112091136,800415744,545,446,/input/data/work/e3/1343a59b4be18b9d0385a80cb94f1e,true,-,0,-,-,-,-,-,-,-,75232,-,-,176,-,-,-,-,-,-,-,-,-,-,-,-,-,95,-,-,-,-,-,-,128,1,3,111,-
112,cpu01,-,3f/d21ebe,nf-3fd21ebe6812e8b5fa52c4e77654ddf3,task_sG1IterDecon,-,task_sG1IterDecon (112),COMPLETED,0,-,anonymized/nf_wfbench:skip_mem_v11,1,-,-,23396834345,1,1705188232143,1705188323000,1705188340000,107857,14443,-,66.1,0.0,72278016,1442304000,73297920,1443356672,122243956,800416579,1348,7843,0,800415744,3187,404,/input/data/work/3f/d21ebe6812e8b5fa52c4e77654ddf3,true,-,0,-,-,-,-,-,-,-,90388,-,-,217,-,-,-,-,-,-,-,-,-,-,-,-,-,122,-,-,-,-,-,-,165,1,3,46,-
85,cpu01,-,da/780c7e,nf-da780c7e2db7ae6a62a8d43b1922cded,task_sG1IterDecon,-,task_sG1IterDecon (85),COMPLETED,0,-,anonymized/nf_wfbench:skip_mem_v11,1,-,-,23396834345,1,1705188232358,1705188323000,1705188340000,107642,14507,-,68.2,0.0,71999488,1442304000,73023488,1443356672,122243955,800416579,1348,7843,0,800415744,2263,522,/input/data/work/da/780c7e2db7ae6a62a8d43b1922cded,true,-,0,-,-,-,-,-,-,-,90253,-,-,216,-,-,-,-,-,-,-,-,-,-,-,-,-,198,-,-,-,-,-,-,147,1,4,62,-
76,cpu01,-,0d/ead3b7,nf-0dead3b7744eea19094dbea9997a42a6,task_sG1IterDecon,-,task_sG1IterDecon (76),COMPLETED,0,-,anonymized/nf_wfbench:skip_mem_v11,1,-,-,23396834345,1,1705188232637,1705188323000,1705188340000,107363,14446,-,67.2,0.0,72130560,1442304000,73150464,1443356672,122243955,800416579,1348,7843,0,800415744,11586,501,/input/data/work/0d/ead3b7744eea19094dbea9997a42a6,true,-,0,-,-,-,-,-,-,-,89750,-,-,214,-,-,-,-,-,-,-,-,-,-,-,-,-,67,-,-,-,-,-,-,158,1,4,115,-
77,cpu01,-,1c/6b381c,nf-1c6b381c2b6267feca91d4ff1fbf5aa8,task_sG1IterDecon,-,task_sG1IterDecon (77),COMPLETED,0,-,anonymized/nf_wfbench:skip_mem_v11,1,-,-,23396834345,1,1705188232866,1705188323000,1705188340000,107134,14457,-,70.6,0.0,72118272,1442304000,73134080,1443356672,122243957,800416580,1348,7843,0,800415744,1177,504,/input/data/work/1c/6b381c2b6267feca91d4ff1fbf5aa8,true,-,0,-,-,-,-,-,-,-,89429,-,-,212,-,-,-,-,-,-,-,-,-,-,-,-,-,70,-,-,-,-,-,-,176,2,3,46,-
125,cpu06,-,56/6bb940,nf-566bb940d29478bf60a244bc2232816b,task_sG1IterDecon,-,task_sG1IterDecon (125),COMPLETED,0,-,anonymized/nf_wfbench:skip_mem_v11,1,-,-,23396834345,1,1705188235683,1705188318000,1705188341000,105317,19836,-,51.7,0.1,72232960,1442435072,73256960,1443487744,122244376,800416587,1348,7843,112091136,800415744,346,61,/input/data/work/56/6bb940d29478bf60a244bc2232816b,true,-,0,-,-,-,-,-,-,-,81912,-,-,192,-,-,-,-,-,-,-,-,-,-,-,-,-,58,-,-,-,-,-,-,165,1,4,112,-
94,cpu06,-,a6/93bee6,nf-a693bee65e03d5793c33a24444364c26,task_sG1IterDecon,-,task_sG1IterDecon (94),COMPLETED,0,-,anonymized/nf_wfbench:skip_mem_v11,1,-,-,23396834345,1,1705188236271,1705188317000,1705188340000,103729,18733,-,56.5,0.1,71950336,1442304000,72970240,1443356672,122244376,800416587,1348,7843,112091136,800415744,394,193,/input/data/work/a6/93bee65e03d5793c33a24444364c26,true,-,0,-,-,-,-,-,-,-,80120,-,-,186,-,-,-,-,-,-,-,-,-,-,-,-,-,60,-,-,-,-,-,-,135,1,3,105,-
116,cpu03,-,f3/974d90,nf-f3974d902130613aeefd6fd0ff419fc6,task_sG1IterDecon,-,task_sG1IterDecon (116),COMPLETED,0,-,anonymized/nf_wfbench:skip_mem_v11,1,-,-,23396834345,1,1705188239416,1705188310000,1705188340000,100584,17957,-,59.9,0.1,72175616,1442304000,73195520,1443356672,122244427,800416589,1348,7843,112091136,800415744,332,223,/input/data/work/f3/974d902130613aeefd6fd0ff419fc6,true,-,0,-,-,-,-,-,-,-,69283,-,-,158,-,-,-,-,-,-,-,-,-,-,-,-,-,115,-,-,-,-,-,-,175,1,7,86,-
167,cpu07,-,67/84337a,nf-6784337af63eb4ff7fe2c02bfcc2ce73,task_sG1IterDecon,-,task_sG1IterDecon (167),COMPLETED,0,-,anonymized/nf_wfbench:skip_mem_v11,1,-,-,23396834345,1,1705188245105,1705188311000,1705188339000,93895,23702,-,43.7,0.1,72093696,1442304000,73121792,1443356672,122244428,800416589,1348,7843,112091136,800415744,508,152,/input/data/work/67/84337af63eb4ff7fe2c02bfcc2ce73,true,-,0,-,-,-,-,-,-,-,64776,-,-,130,-,-,-,-,-,-,-,-,-,-,-,-,-,151,-,-,-,-,-,-,137,0,3,39,-
108,cpu01,-,27/933268,nf-279332689218a5a81f30ef201eba7e2f,task_sG1IterDecon,-,task_sG1IterDecon (108),COMPLETED,0,-,anonymized/nf_wfbench:skip_mem_v11,1,-,-,23396834345,1,1705188231367,1705188328000,1705188345000,113633,12035,-,88.2,0.0,72130560,1442304000,73154560,1443356672,122243957,800416580,1348,7843,0,800415744,11411,402,/input/data/work/27/9332689218a5a81f30ef201eba7e2f,true,-,0,-,-,-,-,-,-,-,96028,-,-,223,-,-,-,-,-,-,-,-,-,-,-,-,-,124,-,-,-,-,-,-,174,1,3,137,-
89,cpu09,-,78/420633,nf-78420633a6454a5b1ee74d68a2fb9341,task_sG1IterDecon,-,task_sG1IterDecon (89),COMPLETED,0,-,anonymized/nf_wfbench:skip_mem_v11,1,-,-,23396834345,1,1705188234260,1705188320000,1705188346000,111740,23054,-,43.3,0.1,72192000,1442304000,73216000,1443356672,122244357,800416586,1348,7843,112115712,800415744,797,207,/input/data/work/78/420633a6454a5b1ee74d68a2fb9341,true,-,0,-,-,-,-,-,-,-,85454,-,-,202,-,-,-,-,-,-,-,-,-,-,-,-,-,68,-,-,-,-,-,-,221,1,3,86,-
121,cpu09,-,0a/326f81,nf-0a326f810500ef10b8d2c58d05e7bae7,task_sG1IterDecon,-,task_sG1IterDecon (121),COMPLETED,0,-,anonymized/nf_wfbench:skip_mem_v11,1,-,-,23396834345,1,1705188234587,1705188319000,1705188344000,109413,21422,-,45.2,0.1,71909376,1442304000,72925184,1443356672,122244356,800416586,1348,7843,112119808,800415744,620,366,/input/data/work/0a/326f810500ef10b8d2c58d05e7bae7,true,-,0,-,-,-,-,-,-,-,84052,-,-,200,-,-,-,-,-,-,-,-,-,-,-,-,-,74,-,-,-,-,-,-,186,1,3,137,-
126,cpu10,-,88/c1dd5c,nf-88c1dd5cfa01053d14606deeb07ca94f,task_sG1IterDecon,-,task_sG1IterDecon (126),COMPLETED,0,-,anonymized/nf_wfbench:skip_mem_v11,1,-,-,23396834345,1,1705188236026,1705188318000,1705188344000,107974,19589,-,55.3,0.1,71057408,1437163520,71057408,1437163520,122244428,800416588,1348,7843,112091136,800415744,187,53,/input/data/work/88/c1dd5cfa01053d14606deeb07ca94f,true,-,0,-,-,-,-,-,-,-,81490,-,-,188,-,-,-,-,-,-,-,-,-,-,-,-,-,74,-,-,-,-,-,-,89,1,3,68,-
135,cpu03,-,d4/003489,nf-d400348952b7b8e70bf9d09a5972139d,task_sG1IterDecon,-,task_sG1IterDecon (135),COMPLETED,0,-,anonymized/nf_wfbench:skip_mem_v11,1,-,-,23396834345,1,1705188239146,1705188310000,1705188344000,104854,22651,-,46.5,0.1,71950336,1442304000,72970240,1443356672,122244429,800416589,1348,7843,112091136,800415744,416,245,/input/data/work/d4/00348952b7b8e70bf9d09a5972139d,true,-,0,-,-,-,-,-,-,-,70335,-,-,160,-,-,-,-,-,-,-,-,-,-,-,-,-,75,-,-,-,-,-,-,88,1,3,60,-
81,cpu06,-,7b/9e6679,nf-7b9e66798a6ab552483b092d8ac2c42d,task_sG1IterDecon,-,task_sG1IterDecon (81),COMPLETED,0,-,anonymized/nf_wfbench:skip_mem_v11,1,-,-,23396834345,1,1705188231928,1705188325000,1705188350000,118072,21158,-,49.4,0.1,72110080,1442304000,73129984,1443356672,122244376,800416587,1348,7843,112091136,800415744,1051,367,/input/data/work/7b/9e66798a6ab552483b092d8ac2c42d,true,-,0,-,-,-,-,-,-,-,90832,-,-,219,-,-,-,-,-,-,-,-,-,-,-,-,-,123,-,-,-,-,-,-,164,1,3,91,-
82,cpu09,-,f4/414fec,nf-f4414fec702d815237543d73926787e5,task_sG1IterDecon,-,task_sG1IterDecon (82),COMPLETED,0,-,anonymized/nf_wfbench:skip_mem_v11,1,-,-,23396834345,1,1705188233173,1705188324000,1705188349000,115827,22869,-,45.8,0.1,72040448,1442295808,73035776,1443348480,122244357,800416587,1348,7843,112119808,800415744,502,196,/input/data/work/f4/414fec702d815237543d73926787e5,true,-,0,-,-,-,-,-,-,-,88528,-,-,210,-,-,-,-,-,-,-,-,-,-,-,-,-,150,-,-,-,-,-,-,174,1,3,129,-
88,cpu08,-,ee/d3d1bb,nf-eed3d1bb92b45493b28c689000957e3e,task_sG1IterDecon,-,task_sG1IterDecon (88),COMPLETED,0,-,anonymized/nf_wfbench:skip_mem_v11,1,-,-,23396834345,1,1705188234772,1705188320000,1705188349000,114228,29107,-,36.7,0.1,72200192,1442304000,73224192,1443356672,122244372,800416587,1348,7843,112091136,800415744,676,350,/input/data/work/ee/d3d1bb92b45493b28c689000957e3e,true,-,0,-,-,-,-,-,-,-,83765,-,-,198,-,-,-,-,-,-,-,-,-,-,-,-,-,101,-,-,-,-,-,-,127,1,3,53,-
90,cpu08,-,f1/efd980,nf-f1efd9807ef1876c36b97d3f966599af,task_sG1IterDecon,-,task_sG1IterDecon (90),COMPLETED,0,-,anonymized/nf_wfbench:skip_mem_v11,1,-,-,23396834345,1,1705188234960,1705188319000,1705188349000,114040,29116,-,32.6,0.1,72110080,1442304000,73129984,1443356672,122244372,800416586,1348,7843,112091136,800415744,1418,343,/input/data/work/f1/efd9807ef1876c36b97d3f966599af,true,-,0,-,-,-,-,-,-,-,83455,-,-,196,-,-,-,-,-,-,-,-,-,-,-,-,-,138,-,-,-,-,-,-,114,1,3,69,-
96,cpu08,-,14/276138,nf-1427613857c523bc039a216661be8192,task_sG1IterDecon,-,task_sG1IterDecon (96),COMPLETED,0,-,anonymized/nf_wfbench:skip_mem_v11,1,-,-,23396834345,1,1705188235400,1705188319000,1705188349000,113600,29278,-,33.1,0.1,72327168,1442304000,73355264,1443356672,122244371,800416586,1348,7843,112091136,800415744,1027,350,/input/data/work/14/27613857c523bc039a216661be8192,true,-,0,-,-,-,-,-,-,-,82840,-,-,194,-,-,-,-,-,-,-,-,-,-,-,-,-,118,-,-,-,-,-,-,322,1,4,113,-
130,cpu07,-,2e/7adfbe,nf-2e7adfbe691531881859c5ba91daa8c5,task_sG1IterDecon,-,task_sG1IterDecon (130),COMPLETED,0,-,anonymized/nf_wfbench:skip_mem_v11,1,-,-,23396834345,1,1705188238265,1705188314000,1705188352000,113735,37063,-,27.2,0.1,71966720,1442304000,72982528,1443356672,122244428,800416589,1348,7843,112091136,800415744,1623,269,/input/data/work/2e/7adfbe691531881859c5ba91daa8c5,true,-,0,-,-,-,-,-,-,-,74029,-,-,174,-,-,-,-,-,-,-,-,-,-,-,-,-,104,-,-,-,-,-,-,168,1,3,81,-
131,cpu07,-,92/5b9d53,nf-925b9d5346955be7e726e7840505b6b5,task_sG1IterDecon,-,task_sG1IterDecon (131),COMPLETED,0,-,anonymized/nf_wfbench:skip_mem_v11,1,-,-,23396834345,1,1705188238463,1705188314000,1705188352000,113537,37241,-,28.7,0.1,72478720,1442435072,73498624,1443487744,122244429,800416589,1348,7843,112091136,800415744,1272,270,/input/data/work/92/5b9d5346955be7e726e7840505b6b5,true,-,0,-,-,-,-,-,-,-,73653,-,-,172,-,-,-,-,-,-,-,-,-,-,-,-,-,68,-,-,-,-,-,-,112,1,4,80,-
110,cpu02,-,3c/032529,nf-3c032529a420276d4149229b0065f70e,task_sG1IterDecon,-,task_sG1IterDecon (110),COMPLETED,0,-,anonymized/nf_wfbench:skip_mem_v11,1,-,-,23396834345,1,1705188238777,1705188310000,1705188352000,113223,40949,-,23.9,0.1,72290304,1442304000,73310208,1443356672,122244431,800416588,1348,7843,112091136,800415744,1555,284,/input/data/work/3c/032529a420276d4149229b0065f70e,true,-,0,-,-,-,-,-,-,-,70929,-,-,164,-,-,-,-,-,-,-,-,-,-,-,-,-,64,-,-,-,-,-,-,228,1,3,81,-
114,cpu02,-,d0/bf1e0e,nf-d0bf1e0ee41e80d384f4ca515405a8ab,task_sG1IterDecon,-,task_sG1IterDecon (114),COMPLETED,0,-,anonymized/nf_wfbench:skip_mem_v11,1,-,-,23396834345,1,1705188238993,1705188310000,1705188351000,112007,40415,-,24.9,0.1,72495104,1442304000,73519104,1443356672,122244432,800416589,1348,7843,112091136,800415744,388,251,/input/data/work/d0/bf1e0ee41e80d384f4ca515405a8ab,true,-,0,-,-,-,-,-,-,-,70566,-,-,162,-,-,-,-,-,-,-,-,-,-,-,-,-,59,-,-,-,-,-,-,145,1,4,65,-
105,cpu07,-,5e/e99a5c,nf-5ee99a5c03270f78e27e7ae5ace97af2,task_sG1IterDecon,-,task_sG1IterDecon (105),COMPLETED,0,-,anonymized/nf_wfbench:skip_mem_v11,1,-,-,23396834345,1,1705188239708,1705188314000,1705188352000,112292,37158,-,30.0,0.1,72331264,1442304000,73351168,1443356672,122244428,800416589,1348,7843,112091136,800415744,1357,278,/input/data/work/5e/e99a5c03270f78e27e7ae5ace97af2,true,-,0,-,-,-,-,-,-,-,72259,-,-,166,-,-,-,-,-,-,-,-,-,-,-,-,-,73,-,-,-,-,-,-,147,1,4,140,-
107,cpu07,-,23/9f33ed,nf-239f33edcf440824aad16572cb584b6b,task_sG1IterDecon,-,task_sG1IterDecon (107),COMPLETED,0,-,anonymized/nf_wfbench:skip_mem_v11,1,-,-,23396834345,1,1705188240545,1705188313000,1705188350000,109455,35913,-,30.4,0.1,72470528,1442304000,73498624,1443356672,122244429,800416589,1348,7843,112091136,800415744,1611,307,/input/data/work/23/9f33edcf440824aad16572cb584b6b,true,-,0,-,-,-,-,-,-,-,71289,-,-,160,-,-,-,-,-,-,-,-,-,-,-,-,-,74,-,-,-,-,-,-,74,1,4,59,-
33,cpu02,-,b6/63cd1e,nf-b663cd1e6552b6febb35cf759fae0fb6,task_sG1IterDecon,-,task_sG1IterDecon (33),COMPLETED,0,-,anonymized/nf_wfbench:skip_mem_v11,1,-,-,23396834345,1,1705188219584,1705188311000,1705188352000,132416,41188,-,24.7,0.1,72192000,1442299904,73216000,1443352576,122244432,800416589,1348,7843,112091136,800415744,1935,280,/input/data/work/b6/63cd1e6552b6febb35cf759fae0fb6,true,-,0,-,-,-,-,-,-,-,90248,-,-,238,-,-,-,-,-,-,-,-,-,-,-,-,-,102,-,-,-,-,-,-,32,1,4,34,-
83,cpu06,-,2e/748a71,nf-2e748a71f453c23595eeeaf544aefd91,task_sG1IterDecon,-,task_sG1IterDecon (83),COMPLETED,0,-,anonymized/nf_wfbench:skip_mem_v11,1,-,-,23396834345,1,1705188230835,1705188330000,1705188354000,123165,22938,-,45.5,0.1,72212480,1442304000,73236480,1443356672,122244375,800416587,1348,7843,112091136,800415744,1533,327,/input/data/work/2e/748a71f453c23595eeeaf544aefd91,true,-,0,-,-,-,-,-,-,-,96661,-,-,230,-,-,-,-,-,-,-,-,-,-,-,-,-,74,-,-,-,-,-,-,99,1,4,45,-
78,cpu06,-,fb/bd3954,nf-fbbd395405373fea81810a5c23b1baf4,task_sG1IterDecon,-,task_sG1IterDecon (78),COMPLETED,0,-,anonymized/nf_wfbench:skip_mem_v11,1,-,-,23396834345,1,1705188231051,1705188330000,1705188354000,122949,23086,-,45.7,0.1,72413184,1442304000,73433088,1443356672,122244375,800416587,1348,7843,112091136,800415744,1522,355,/input/data/work/fb/bd395405373fea81810a5c23b1baf4,true,-,0,-,-,-,-,-,-,-,96575,-,-,226,-,-,-,-,-,-,-,-,-,-,-,-,-,205,-,-,-,-,-,-,153,1,3,58,-
86,cpu10,-,98/37d59b,nf-9837d59b0b02560e3afc61618c9525d2,task_sG1IterDecon,-,task_sG1IterDecon (86),COMPLETED,0,-,anonymized/nf_wfbench:skip_mem_v11,1,-,-,23396834345,1,1705188233458,1705188323000,1705188358000,124542,32819,-,32.8,0.1,71823360,1442304000,72847360,1443356672,122244429,800416588,1348,7843,112091136,800415744,1216,227,/input/data/work/98/37d59b0b02560e3afc61618c9525d2,true,-,0,-,-,-,-,-,-,-,88047,-,-,208,-,-,-,-,-,-,-,-,-,-,-,-,-,82,-,-,-,-,-,-,178,1,3,102,-
80,cpu10,-,13/c8c76c,nf-13c8c76cfd5252ab195be286f2c09f91,task_sG1IterDecon,-,task_sG1IterDecon (80),COMPLETED,0,-,anonymized/nf_wfbench:skip_mem_v11,1,-,-,23396834345,1,1705188233735,1705188322000,1705188356000,122265,33269,-,32.8,0.1,72126464,1442304000,73146368,1443356672,122244429,800416588,1348,7843,112091136,800415744,1897,482,/input/data/work/13/c8c76cfd5252ab195be286f2c09f91,true,-,0,-,-,-,-,-,-,-,86911,-,-,206,-,-,-,-,-,-,-,-,-,-,-,-,-,118,-,-,-,-,-,-,193,1,3,79,-
87,cpu10,-,1c/a42d5b,nf-1ca42d5b7a7fcec970e0fd25f31835fe,task_sG1IterDecon,-,task_sG1IterDecon (87),COMPLETED,0,-,anonymized/nf_wfbench:skip_mem_v11,1,-,-,23396834345,1,1705188233949,1705188322000,1705188356000,122051,33177,-,31.3,0.1,71921664,1442304000,72941568,1443356672,122244428,800416588,1348,7843,112091136,800415744,961,491,/input/data/work/1c/a42d5b7a7fcec970e0fd25f31835fe,true,-,0,-,-,-,-,-,-,-,86527,-,-,204,-,-,-,-,-,-,-,-,-,-,-,-,-,76,-,-,-,-,-,-,161,1,3,48,-
45,cpu01,-,f7/b5c70f,nf-f7b5c70fc0a66fe6de4e9d2bedab3a0e,task_sG1IterDecon,-,task_sG1IterDecon (45),COMPLETED,0,-,anonymized/nf_wfbench:skip_mem_v11,1,-,-,23396834345,1,1705188219679,1705188343000,1705188360000,140321,14432,-,69.8,0.0,72196096,1442304000,73080832,1443356672,122243956,800416580,1348,7843,0,800415744,4589,393,/input/data/work/f7/b5c70fc0a66fe6de4e9d2bedab3a0e,true,-,0,-,-,-,-,-,-,-,122975,-,-,275,-,-,-,-,-,-,-,-,-,-,-,-,-,89,-,-,-,-,-,-,52,1,4,37,-
95,cpu01,-,e4/15456f,nf-e415456f7fbfd65912a0037fe2278725,task_sG1IterDecon,-,task_sG1IterDecon (95),COMPLETED,0,-,anonymized/nf_wfbench:skip_mem_v11,1,-,-,23396834345,1,1705188228569,1705188344000,1705188360000,131431,14415,-,66.6,0.0,72409088,1442304000,73433088,1443356672,122243956,800416579,1348,7843,0,800415744,4830,417,/input/data/work/e4/15456f7fbfd65912a0037fe2278725,true,-,0,-,-,-,-,-,-,-,114257,-,-,253,-,-,-,-,-,-,-,-,-,-,-,-,-,70,-,-,-,-,-,-,110,0,3,68,-
73,cpu01,-,af/efe104,nf-afefe104ec2ea1b816ef409667b38b91,task_sG1IterDecon,-,task_sG1IterDecon (73),COMPLETED,0,-,anonymized/nf_wfbench:skip_mem_v11,1,-,-,23396834345,1,1705188229046,1705188343000,1705188360000,130954,14161,-,70.7,0.0,72032256,1442304000,73048064,1443356672,122243956,800416579,1348,7843,0,800415744,7319,506,/input/data/work/af/efe104ec2ea1b816ef409667b38b91,true,-,0,-,-,-,-,-,-,-,113408,-,-,249,-,-,-,-,-,-,-,-,-,-,-,-,-,69,-,-,-,-,-,-,104,1,4,78,-
71,cpu01,-,3f/48b689,nf-3f48b689feeed7a1c1b30d7dae6d6c54,task_sG1IterDecon,-,task_sG1IterDecon (71),COMPLETED,0,-,anonymized/nf_wfbench:skip_mem_v11,1,-,-,23396834345,1,1705188229272,1705188343000,1705188360000,130728,14148,-,67.4,0.0,72167424,1442304000,73187328,1443356672,122243956,800416579,1348,7843,0,800415744,4312,500,/input/data/work/3f/48b689feeed7a1c1b30d7dae6d6c54,true,-,0,-,-,-,-,-,-,-,113265,-,-,248,-,-,-,-,-,-,-,-,-,-,-,-,-,153,-,-,-,-,-,-,130,1,3,91,-
69,cpu08,-,4d/2053dc,nf-4d2053dcca817c481cbe5bbd61492953,task_sG1IterDecon,-,task_sG1IterDecon (69),COMPLETED,0,-,anonymized/nf_wfbench:skip_mem_v11,1,-,-,23396834345,1,1705188229978,1705188338000,1705188361000,131022,19109,-,53.6,0.1,72478720,1442435072,73498624,1443487744,122244372,800416587,1348,7843,112091136,800415744,793,184,/input/data/work/4d/2053dcca817c481cbe5bbd61492953,true,-,0,-,-,-,-,-,-,-,106381,-,-,242,-,-,-,-,-,-,-,-,-,-,-,-,-,156,-,-,-,-,-,-,126,1,3,95,-
74,cpu09,-,f0/0c543a,nf-f00c543ad77a434cfebe4b3fe92d8624,task_sG1IterDecon,-,task_sG1IterDecon (74),COMPLETED,0,-,anonymized/nf_wfbench:skip_mem_v11,1,-,-,23396834345,1,1705188230186,1705188337000,1705188359000,128814,18492,-,54.9,0.1,72278016,1442304000,73293824,1443356672,122244358,800416587,1348,7843,112107520,800415744,693,199,/input/data/work/f0/0c543ad77a434cfebe4b3fe92d8624,true,-,0,-,-,-,-,-,-,-,104501,-,-,238,-,-,-,-,-,-,-,-,-,-,-,-,-,62,-,-,-,-,-,-,147,1,5,54,-
84,cpu08,-,88/2a6c9b,nf-882a6c9b3d9eb6acace7493bfca648f7,task_sG1IterDecon,-,task_sG1IterDecon (84),COMPLETED,0,-,anonymized/nf_wfbench:skip_mem_v11,1,-,-,23396834345,1,1705188230428,1705188334000,1705188360000,129572,19684,-,50.7,0.1,72331264,1442435072,73355264,1443487744,122244372,800416586,1348,7843,112091136,800415744,900,133,/input/data/work/88/2a6c9b3d9eb6acace7493bfca648f7,true,-,0,-,-,-,-,-,-,-,99805,-,-,235,-,-,-,-,-,-,-,-,-,-,-,-,-,64,-,-,-,-,-,-,126,1,3,111,-
75,cpu09,-,d2/292af2,nf-d2292af281fb66ff7e18da4bfdd99bb6,task_sG1IterDecon,-,task_sG1IterDecon (75),COMPLETED,0,-,anonymized/nf_wfbench:skip_mem_v11,1,-,-,23396834345,1,1705188230685,1705188332000,1705188358000,127315,21020,-,50.6,0.1,72138752,1442304000,73154560,1443356672,122244357,800416587,1348,7843,112123904,800415744,1753,456,/input/data/work/d2/292af281fb66ff7e18da4bfdd99bb6,true,-,0,-,-,-,-,-,-,-,98070,-,-,233,-,-,-,-,-,-,-,-,-,-,-,-,-,129,-,-,-,-,-,-,176,1,3,76,-
79,cpu10,-,b1/b9bb4d,nf-b1b9bb4d2826821f45b5a147bd264af1,task_sG1IterDecon,-,task_sG1IterDecon (79),COMPLETED,0,-,anonymized/nf_wfbench:skip_mem_v11,1,-,-,23396834345,1,1705188231668,1705188330000,1705188359000,127332,26224,-,40.0,0.1,72028160,1442304000,73052160,1443356672,122244429,800416588,1348,7843,112091136,800415744,2341,267,/input/data/work/b1/b9bb4d2826821f45b5a147bd264af1,true,-,0,-,-,-,-,-,-,-,93836,-,-,221,-,-,-,-,-,-,-,-,-,-,-,-,-,109,-,-,-,-,-,-,187,1,4,108,-
113,cpu03,-,cc/a26339,nf-cca26339a70e236184aad8e11698bc16,task_sG1IterDecon,-,task_sG1IterDecon (113),COMPLETED,0,-,anonymized/nf_wfbench:skip_mem_v11,1,-,-,23396834345,1,1705188236698,1705188317000,1705188361000,124302,42184,-,24.9,0.1,72216576,1442304000,73240576,1443356672,122244429,800416589,1348,7843,112091136,800415744,1830,257,/input/data/work/cc/a26339a70e236184aad8e11698bc16,true,-,0,-,-,-,-,-,-,-,78630,-,-,184,-,-,-,-,-,-,-,-,-,-,-,-,-,61,-,-,-,-,-,-,280,1,4,141,-
100,cpu03,-,cc/959d33,nf-cc959d33281cb76b1982588edc17ad84,task_sG1IterDecon,-,task_sG1IterDecon (100),COMPLETED,0,-,anonymized/nf_wfbench:skip_mem_v11,1,-,-,23396834345,1,1705188237119,1705188317000,1705188361000,123881,42310,-,21.8,0.1,72138752,1442304000,73162752,1443356672,122244427,800416588,1348,7843,112091136,800415744,2086,254,/input/data/work/cc/959d33281cb76b1982588edc17ad84,true,-,0,-,-,-,-,-,-,-,77435,-,-,182,-,-,-,-,-,-,-,-,-,-,-,-,-,62,-,-,-,-,-,-,248,1,3,168,-
99,cpu03,-,60/70e3da,nf-6070e3daead8425ab90d039013a8c33c,task_sG1IterDecon,-,task_sG1IterDecon (99),COMPLETED,0,-,anonymized/nf_wfbench:skip_mem_v11,1,-,-,23396834345,1,1705188237439,1705188317000,1705188361000,123561,42259,-,23.8,0.1,72437760,1442304000,73453568,1443356672,122244427,800416589,1348,7843,112091136,800415744,1946,248,/input/data/work/60/70e3daead8425ab90d039013a8c33c,true,-,0,-,-,-,-,-,-,-,77021,-,-,180,-,-,-,-,-,-,-,-,-,-,-,-,-,67,-,-,-,-,-,-,258,1,3,57,-
149,cpu02,-,d6/fe1757,nf-d6fe175737c9eb51287f5126eb5f6712,task_sG1IterDecon,-,task_sG1IterDecon (149),COMPLETED,0,-,anonymized/nf_wfbench:skip_mem_v11,1,-,-,23396834345,1,1705188242130,1705188314000,1705188359000,116870,39535,-,27.6,0.1,72425472,1442304000,73453568,1443356672,122244432,800416589,1348,7843,112091136,800415744,1041,281,/input/data/work/d6/fe175737c9eb51287f5126eb5f6712,true,-,0,-,-,-,-,-,-,-,69489,-,-,149,-,-,-,-,-,-,-,-,-,-,-,-,-,73,-,-,-,-,-,-,113,1,4,53,-
156,cpu02,-,af/3cc495,nf-af3cc4954141ed418a9b935710bf57ce,task_sG1IterDecon,-,task_sG1IterDecon (156),COMPLETED,0,-,anonymized/nf_wfbench:skip_mem_v11,1,-,-,23396834345,1,1705188243206,1705188314000,1705188359000,115794,39452,-,26.5,0.1,72544256,1442435072,73568256,1443487744,122244432,800416589,1348,7843,112091136,800415744,818,282,/input/data/work/af/3cc4954141ed418a9b935710bf57ce,true,-,0,-,-,-,-,-,-,-,68314,-,-,143,-,-,-,-,-,-,-,-,-,-,-,-,-,79,-,-,-,-,-,-,100,1,3,66,-
93,cpu01,-,92/2cc62b,nf-922cc62b28e3f6e228040154a8888fe5,task_sG1IterDecon,-,task_sG1IterDecon (93),COMPLETED,0,-,anonymized/nf_wfbench:skip_mem_v11,1,-,-,23396834345,1,1705188226808,1705188348000,1705188365000,138192,12055,-,86.9,0.0,72003584,1442435072,73027584,1443487744,122243957,800416580,1348,7843,0,800415744,9704,401,/input/data/work/92/2cc62b28e3f6e228040154a8888fe5,true,-,0,-,-,-,-,-,-,-,120707,-,-,263,-,-,-,-,-,-,-,-,-,-,-,-,-,72,-,-,-,-,-,-,339,2,4,141,-
70,cpu09,-,ec/2685fc,nf-ec2685fc3fdc2307a9d52703021ff155,task_sG1IterDecon,-,task_sG1IterDecon (70),COMPLETED,0,-,anonymized/nf_wfbench:skip_mem_v11,1,-,-,23396834345,1,1705188227267,1705188348000,1705188363000,135733,13914,-,71.1,0.1,71938048,1442304000,72962048,1443356672,122244356,800416586,1348,7843,112119808,800415744,438,473,/input/data/work/ec/2685fc3fdc2307a9d52703021ff155,true,-,0,-,-,-,-,-,-,-,119775,-,-,261,-,-,-,-,-,-,-,-,-,-,-,-,-,79,-,-,-,-,-,-,340,1,3,114,-
67,cpu10,-,57/9d3a1f,nf-579d3a1ff0fd231827bcfecb3f9798d1,task_sG1IterDecon,-,task_sG1IterDecon (67),COMPLETED,0,-,anonymized/nf_wfbench:skip_mem_v11,1,-,-,23396834345,1,1705188228107,1705188347000,1705188365000,136893,13939,-,75.5,0.1,72085504,1442304000,73101312,1443356672,122244429,800416588,1348,7843,112091136,800415744,648,451,/input/data/work/57/9d3a1ff0fd231827bcfecb3f9798d1,true,-,0,-,-,-,-,-,-,-,118715,-,-,257,-,-,-,-,-,-,-,-,-,-,-,-,-,127,-,-,-,-,-,-,263,1,4,117,-
72,cpu06,-,d6/1da2e3,nf-d61da2e3030aaa4394e33cba6401926f,task_sG1IterDecon,-,task_sG1IterDecon (72),COMPLETED,0,-,anonymized/nf_wfbench:skip_mem_v11,1,-,-,23396834345,1,1705188228387,1705188344000,1705188365000,136613,18295,-,53.4,0.1,72220672,1442304000,73240576,1443356672,122244375,800416586,1348,7843,112091136,800415744,1138,306,/input/data/work/d6/1da2e3030aaa4394e33cba6401926f,true,-,0,-,-,-,-,-,-,-,115285,-,-,255,-,-,-,-,-,-,-,-,-,-,-,-,-,102,-,-,-,-,-,-,156,1,3,119,-
62,cpu06,-,a8/0b31dd,nf-a80b31dd25f2166744ce78034e739878,task_sG1IterDecon,-,task_sG1IterDecon (62),COMPLETED,0,-,anonymized/nf_wfbench:skip_mem_v11,1,-,-,23396834345,1,1705188228858,1705188344000,1705188365000,136142,18383,-,54.9,0.1,72290304,1442304000,73306112,1443356672,122244375,800416587,1348,7843,112091136,800415744,856,311,/input/data/work/a8/0b31dd25f2166744ce78034e739878,true,-,0,-,-,-,-,-,-,-,113872,-,-,251,-,-,-,-,-,-,-,-,-,-,-,-,-,166,-,-,-,-,-,-,169,1,4,114,-
68,cpu03,-,64/bea925,nf-64bea92564d54a5b5e49b01c2e3dd71d,task_sG1IterDecon,-,task_sG1IterDecon (68),COMPLETED,0,-,anonymized/nf_wfbench:skip_mem_v11,1,-,-,23396834345,1,1705188229528,1705188347000,1705188366000,136472,17201,-,58.5,0.1,72306688,1442304000,73330688,1443356672,122244429,800416589,1348,7843,112091136,800415744,550,314,/input/data/work/64/bea92564d54a5b5e49b01c2e3dd71d,true,-,0,-,-,-,-,-,-,-,112831,-,-,246,-,-,-,-,-,-,-,-,-,-,-,-,-,66,-,-,-,-,-,-,164,1,4,86,-
64,cpu07,-,f2/fe53ac,nf-f2fe53acb033df273d246633117ffbc6,task_sG1IterDecon,-,task_sG1IterDecon (64),COMPLETED,0,-,anonymized/nf_wfbench:skip_mem_v11,1,-,-,23396834345,1,1705188229753,1705188341000,1705188365000,135247,16867,-,63.5,0.1,71962624,1442304000,72982528,1443356672,122244428,800416589,1348,7843,112091136,800415744,1221,357,/input/data/work/f2/fe53acb033df273d246633117ffbc6,true,-,0,-,-,-,-,-,-,-,111029,-,-,244,-,-,-,-,-,-,-,-,-,-,-,-,-,75,-,-,-,-,-,-,142,0,4,78,-
56,cpu06,-,5c/66eb4b,nf-5c66eb4beb84b5c39797009e57d168df,task_sG1IterDecon,-,task_sG1IterDecon (56),COMPLETED,0,-,anonymized/nf_wfbench:skip_mem_v11,1,-,-,23396834345,1,1705188224158,1705188353000,1705188368000,143842,14308,-,71.1,0.1,72331264,1442304000,73355264,1443356672,122244376,800416587,1348,7843,112091136,800415744,254,445,/input/data/work/5c/66eb4beb84b5c39797009e57d168df,true,-,0,-,-,-,-,-,-,-,128344,-,-,275,-,-,-,-,-,-,-,-,-,-,-,-,-,44,-,-,-,-,-,-,297,0,3,142,-
61,cpu09,-,a8/cdd88b,nf-a8cdd88bd2bd51c1ee2fb22e5d6ac129,task_sG1IterDecon,-,task_sG1IterDecon (61),COMPLETED,0,-,anonymized/nf_wfbench:skip_mem_v11,1,-,-,23396834345,1,1705188225862,1705188352000,1705188369000,143138,16504,-,65.9,0.1,72056832,1442304000,73076736,1443356672,122244357,800416587,1348,7843,112107520,800415744,919,379,/input/data/work/a8/cdd88bd2bd51c1ee2fb22e5d6ac129,true,-,0,-,-,-,-,-,-,-,124865,-,-,267,-,-,-,-,-,-,-,-,-,-,-,-,-,46,-,-,-,-,-,-,264,1,6,184,-
66,cpu09,-,e4/565859,nf-e456585957e38d7ee9e328e9473f3b9e,task_sG1IterDecon,-,task_sG1IterDecon (66),COMPLETED,0,-,anonymized/nf_wfbench:skip_mem_v11,1,-,-,23396834345,1,1705188226321,1705188350000,1705188367000,140679,16981,-,59.4,0.1,72441856,1442304000,73461760,1443356672,122244357,800416587,1348,7843,112128000,800415744,999,334,/input/data/work/e4/56585957e38d7ee9e328e9473f3b9e,true,-,0,-,-,-,-,-,-,-,122656,-,-,265,-,-,-,-,-,-,-,-,-,-,-,-,-,79,-,-,-,-,-,-,320,1,3,134,-
65,cpu03,-,06/ca85c2,nf-06ca85c20b0f9d5e24fab0c764521849,task_sG1IterDecon,-,task_sG1IterDecon (65),COMPLETED,0,-,anonymized/nf_wfbench:skip_mem_v11,1,-,-,23396834345,1,1705188227721,1705188349000,1705188368000,140279,18360,-,51.4,0.1,72380416,1442304000,73396224,1443356672,122244427,800416588,1348,7843,112091136,800415744,634,212,/input/data/work/06/ca85c20b0f9d5e24fab0c764521849,true,-,0,-,-,-,-,-,-,-,119219,-,-,259,-,-,-,-,-,-,-,-,-,-,-,-,-,96,-,-,-,-,-,-,300,1,4,148,-
55,cpu02,-,19/9c2a5d,nf-199c2a5dc12e518ffa0389424f9c5feb,task_sG1IterDecon,-,task_sG1IterDecon (55),COMPLETED,0,-,anonymized/nf_wfbench:skip_mem_v11,1,-,-,23396834345,1,1705188223330,1705188354000,1705188375000,151670,20299,-,48.4,0.1,71553024,1437163520,71553024,1437163520,122244431,800416588,1348,7843,112091136,800415744,175,45,/input/data/work/19/9c2a5dc12e518ffa0389424f9c5feb,true,-,0,-,-,-,-,-,-,-,130323,-,-,279,-,-,-,-,-,-,-,-,-,-,-,-,-,82,-,-,-,-,-,-,231,1,4,105,-
46,cpu08,-,be/c398d7,nf-bec398d7d95ff50621be205396d57340,task_sG1IterDecon,-,task_sG1IterDecon (46),COMPLETED,0,-,anonymized/nf_wfbench:skip_mem_v11,1,-,-,23396834345,1,1705188224543,1705188352000,1705188376000,151457,22840,-,46.3,0.1,72024064,1442304000,73043968,1443356672,122244372,800416587,1348,7843,112091136,800415744,1804,378,/input/data/work/be/c398d7d95ff50621be205396d57340,true,-,0,-,-,-,-,-,-,-,127186,-,-,273,-,-,-,-,-,-,-,-,-,-,-,-,-,99,-,-,-,-,-,-,255,0,4,125,-
38,cpu08,-,4a/aee5c8,nf-4aaee5c8a9e7aaaf77114909693cf461,task_sG1IterDecon,-,task_sG1IterDecon (38),COMPLETED,0,-,anonymized/nf_wfbench:skip_mem_v11,1,-,-,23396834345,1,1705188224970,1705188352000,1705188375000,150030,22811,-,45.6,0.1,71987200,1442304000,73007104,1443356672,122244373,800416587,1348,7843,112091136,800415744,1798,377,/input/data/work/4a/aee5c8a9e7aaaf77114909693cf461,true,-,0,-,-,-,-,-,-,-,126642,-,-,271,-,-,-,-,-,-,-,-,-,-,-,-,-,88,-,-,-,-,-,-,270,1,3,153,-
52,cpu08,-,92/a524f9,nf-92a524f9bb81a2e9fadd48279b9ddb61,task_sG1IterDecon,-,task_sG1IterDecon (52),COMPLETED,0,-,anonymized/nf_wfbench:skip_mem_v11,1,-,-,23396834345,1,1705188225406,1705188352000,1705188373000,147594,21176,-,49.8,0.1,71602176,1437163520,71602176,1437163520,122244372,800416587,1348,7843,112091136,800415744,2113,268,/input/data/work/92/a524f9bb81a2e9fadd48279b9ddb61,true,-,0,-,-,-,-,-,-,-,126021,-,-,269,-,-,-,-,-,-,-,-,-,-,-,-,-,89,-,-,-,-,-,-,322,1,3,109,-
36,cpu06,-,a1/1f0879,nf-a11f0879ca20ed7b31603d7644978836,task_sG1IterDecon,-,task_sG1IterDecon (36),COMPLETED,0,-,anonymized/nf_wfbench:skip_mem_v11,1,-,-,23396834345,1,1705188219936,1705188358000,1705188378000,158064,18998,-,50.7,0.1,72273920,1442304000,73289728,1443356672,122244374,800416586,1348,7843,112091136,800415744,1404,191,/input/data/work/a1/1f0879ca20ed7b31603d7644978836,true,-,0,-,-,-,-,-,-,-,136699,-,-,293,-,-,-,-,-,-,-,-,-,-,-,-,-,55,-,-,-,-,-,-,40,1,5,34,-
44,cpu06,-,db/f6523d,nf-dbf6523df478664aae040ee9ffa81c63,task_sG1IterDecon,-,task_sG1IterDecon (44),COMPLETED,0,-,anonymized/nf_wfbench:skip_mem_v11,1,-,-,23396834345,1,1705188220103,1705188358000,1705188378000,157897,19095,-,49.4,0.1,72044544,1442304000,73068544,1443356672,122244375,800416586,1348,7843,112091136,800415744,902,204,/input/data/work/db/f6523df478664aae040ee9ffa81c63,true,-,0,-,-,-,-,-,-,-,136438,-,-,291,-,-,-,-,-,-,-,-,-,-,-,-,-,50,-,-,-,-,-,-,77,1,5,83,-
41,cpu02,-,80/6eb1c2,nf-806eb1c236dd1126ca75e0a0c9fe9c4e,task_sG1IterDecon,-,task_sG1IterDecon (41),COMPLETED,0,-,anonymized/nf_wfbench:skip_mem_v11,1,-,-,23396834345,1,1705188220342,1705188356000,1705188379000,158658,22062,-,48.7,0.1,72204288,1442304000,73232384,1443356672,122244432,800416589,1348,7843,112091136,800415744,897,412,/input/data/work/80/6eb1c236dd1126ca75e0a0c9fe9c4e,true,-,0,-,-,-,-,-,-,-,134325,-,-,289,-,-,-,-,-,-,-,-,-,-,-,-,-,52,-,-,-,-,-,-,70,1,4,163,-
50,cpu02,-,1f/07961e,nf-1f07961e49d331be474a9a29f8a2adab,task_sG1IterDecon,-,task_sG1IterDecon (50),COMPLETED,0,-,anonymized/nf_wfbench:skip_mem_v11,1,-,-,23396834345,1,1705188221199,1705188355000,1705188378000,156801,22220,-,47.4,0.1,72396800,1442304000,73420800,1443356672,122244432,800416589,1348,7843,112091136,800415744,2379,395,/input/data/work/1f/07961e49d331be474a9a29f8a2adab,true,-,0,-,-,-,-,-,-,-,133380,-,-,287,-,-,-,-,-,-,-,-,-,-,-,-,-,36,-,-,-,-,-,-,466,1,3,386,-
57,cpu07,-,f7/80bca4,nf-f780bca4b385746d6756f8d345e8f2ab,task_sG1IterDecon,-,task_sG1IterDecon (57),COMPLETED,0,-,anonymized/nf_wfbench:skip_mem_v11,1,-,-,23396834345,1,1705188223713,1705188354000,1705188382000,158287,27790,-,38.5,0.1,71069696,1437163520,71069696,1437163520,122244429,800416589,1348,7843,112091136,800415744,906,230,/input/data/work/f7/80bca4b385746d6756f8d345e8f2ab,true,-,0,-,-,-,-,-,-,-,129167,-,-,277,-,-,-,-,-,-,-,-,-,-,-,-,-,38,-,-,-,-,-,-,242,1,3,136,-
35,cpu10,-,4f/153f11,nf-4f153f11a1aa7ff275f481ecb40ed8c9,task_sG1IterDecon,-,task_sG1IterDecon (35),COMPLETED,0,-,anonymized/nf_wfbench:skip_mem_v11,1,-,-,23396834345,1,1705188219513,1705188360000,1705188381000,161487,19304,-,54.4,0.1,71962624,1442304000,72990720,1443356672,122244428,800416588,1348,7843,112091136,800415744,513,297,/input/data/work/4f/153f11a1aa7ff275f481ecb40ed8c9,true,-,0,-,-,-,-,-,-,-,140195,-,-,301,-,-,-,-,-,-,-,-,-,-,-,-,-,45,-,-,-,-,-,-,26,1,4,32,-
40,cpu10,-,75/73c326,nf-7573c32604c6c7471151bda2af88ba5e,task_sG1IterDecon,-,task_sG1IterDecon (40),COMPLETED,0,-,anonymized/nf_wfbench:skip_mem_v11,1,-,-,23396834345,1,1705188219765,1705188359000,1705188381000,161235,21420,-,49.2,0.1,71876608,1442304000,72904704,1443356672,122244427,800416588,1348,7843,112091136,800415744,2574,271,/input/data/work/75/73c32604c6c7471151bda2af88ba5e,true,-,0,-,-,-,-,-,-,-,139024,-,-,297,-,-,-,-,-,-,-,-,-,-,-,-,-,52,-,-,-,-,-,-,44,1,4,37,-
47,cpu10,-,a9/d89614,nf-a9d8961410319ae4a3ed9007d2a0ad39,task_sG1IterDecon,-,task_sG1IterDecon (47),COMPLETED,0,-,anonymized/nf_wfbench:skip_mem_v11,1,-,-,23396834345,1,1705188219855,1705188359000,1705188381000,161145,21478,-,48.0,0.1,71921664,1442295808,72921088,1443348480,122244429,800416588,1348,7843,112091136,800415744,711,247,/input/data/work/a9/d8961410319ae4a3ed9007d2a0ad39,true,-,0,-,-,-,-,-,-,-,138851,-,-,295,-,-,-,-,-,-,-,-,-,-,-,-,-,98,-,-,-,-,-,-,46,1,4,38,-
53,cpu07,-,d4/bb76e5,nf-d4bb76e5762e3d47f14e606ff43e42d4,task_sG1IterDecon,-,task_sG1IterDecon (53),COMPLETED,0,-,anonymized/nf_wfbench:skip_mem_v11,1,-,-,23396834345,1,1705188222166,1705188355000,1705188384000,161834,27328,-,39.2,0.1,72306688,1442304000,73330688,1443356672,122244429,800416589,1348,7843,112091136,800415744,1200,248,/input/data/work/d4/bb76e5762e3d47f14e606ff43e42d4,true,-,0,-,-,-,-,-,-,-,132023,-,-,285,-,-,-,-,-,-,-,-,-,-,-,-,-,47,-,-,-,-,-,-,859,0,4,103,-
54,cpu07,-,08/3198a9,nf-083198a95f01d5fef1faa1d13c367d9e,task_sG1IterDecon,-,task_sG1IterDecon (54),COMPLETED,0,-,anonymized/nf_wfbench:skip_mem_v11,1,-,-,23396834345,1,1705188222590,1705188355000,1705188384000,161410,27185,-,39.2,0.1,72429568,1442304000,73449472,1443356672,122244429,800416589,1348,7843,112091136,800415744,1211,259,/input/data/work/08/3198a95f01d5fef1faa1d13c367d9e,true,-,0,-,-,-,-,-,-,-,131516,-,-,283,-,-,-,-,-,-,-,-,-,-,-,-,-,48,-,-,-,-,-,-,265,1,4,153,-
42,cpu07,-,7a/d6eafa,nf-7ad6eafa365041ac667df694c49f6f86,task_sG1IterDecon,-,task_sG1IterDecon (42),COMPLETED,0,-,anonymized/nf_wfbench:skip_mem_v11,1,-,-,23396834345,1,1705188222988,1705188355000,1705188384000,161012,27350,-,39.6,0.1,72101888,1442308096,73097216,1443360768,122244429,800416589,1348,7843,112091136,800415744,935,278,/input/data/work/7a/d6eafa365041ac667df694c49f6f86,true,-,0,-,-,-,-,-,-,-,131010,-,-,281,-,-,-,-,-,-,-,-,-,-,-,-,-,43,-,-,-,-,-,-,265,1,2,128,-
198,cpu01,-,8c/cc2c5d,nf-8ccc2c5d33c42873b1494caf6f06d196,task_wrapper_siftSTFByMisfit,-,task_wrapper_siftSTFByMisfit (1),COMPLETED,0,-,anonymized/nf_wfbench:skip_mem_v11,1,-,-,6549825126,1,1705188387621,1705189527000,1705189672000,1284379,144355,-,40.9,0.0,70864896,1443520512,72126464,1443520512,157789074920,4122609514,1541693,40485,52116172800,4122591232,499342,25414,/input/data/work/8c/cc2c5d33c42873b1494caf6f06d196,true,-,2,-,-,-,-,-,-,-,1139356,-,-,115,-,-,-,-,-,-,-,-,-,-,-,-,-,35,-,-,-,-,-,-,25,1,9,27,-
